Player,Picture,Squad,Squad_picture,Pos,DPos,contribution,Annual Wages,Squad Annual Wages,Con_color,Con_longitude,Pos_Order,DPos_Order,90s,Aerials Won %,Blocks Contribution,Clearance Contribution,Interception Contribution,Pass Completion %,Crosses Completed,Progressive Carries,Tackles Contribution,Touches in Attacking Third,Carries into Final Third,Ball Recoveries,Progressive Passes,Key Passes,Tackles Won,Shot-Creating Actions,xA,Assists,Goals,Progressive Passes Received,xG,xG-G,all_con%,all_latitude,all_longitude,Clean Sheets Contribution,Launch %,PSxG-GA,Pass Completion Contribution,Save%,posrank,dposrank,allposrank,alldposrank
Gabriel Jesus,https://fbref.com/req/202302030/images/headshots/b66315ae_2022.jpg,Arsenal,https://cdn.ssref.net/req/202505011/tlogo/fb/18bb7c10.png,FW,ST,0.466,16828855,223846398,9.675322421,40.15637217,1,1,6.8,,,,,,,,,,6,,,,,,,0,3,57,3,0,,,,,,,,,7,2,110,42
Kai Havertz,https://fbref.com/req/202302030/images/headshots/fed7cb61_2022.jpg,Arsenal,https://cdn.ssref.net/req/202505011/tlogo/fb/18bb7c11.png,FW,ST,0.889,17781432,223846398,19.23761537,79.84362783,1,1,20.4,,,,,,,,,,23,,,,,,,3,9,110,9.4,-0.4,,,,,,,,,3,1,56,19
Gabriel Martinelli,https://fbref.com/req/202302030/images/headshots/48a5a5d6_2022.jpg,Arsenal,https://cdn.ssref.net/req/202505011/tlogo/fb/18bb7c12.png,FW,LW,0.856,11430921,223846398,18.49162089,57.00348432,1,2,19.9,,,,,,,,,,27,,,,,,,4,6,235,5.1,0.9,,,,,,,,,4,2,61,20
Leandro Trossard,https://fbref.com/req/202302030/images/headshots/38ceb24a_2022.jpg,Arsenal,https://cdn.ssref.net/req/202505011/tlogo/fb/18bb7c13.png,FW,LW,0.942,5715460,223846398,20.43572773,62.99651568,1,2,23.2,,,,,,,,,,46,,,,,,,5,5,185,5.6,-0.6,,,,,,,,,2,1,49,18
Bukayo Saka,https://fbref.com/req/202302030/images/headshots/bc7dc64d_2022.jpg,Arsenal,https://cdn.ssref.net/req/202505011/tlogo/fb/18bb7c14.png,FW,RW,1.076,12383497,223846398,23.46491746,57.05909299,1,3,15.2,,,,,,,,,,22,,,,,,,10,6,208,5.2,0.8,,,,,,,,,1,1,40,10
Ethan Nwaneri,https://fbref.com/req/202302030/images/headshots/7f94982c_2022.jpg,Arsenal,https://cdn.ssref.net/req/202505011/tlogo/fb/18bb7c15.png,FW,RW,0.583,412240,223846398,12.32021196,29.95877233,1,3,8.6,,,,,,,,,,21,,,,,,,2,3,93,1,2,,,,,,,,,6,3,100,25
Raheem Sterling,https://fbref.com/req/202302030/images/headshots/b400bde0_2022.jpg,Arsenal,https://cdn.ssref.net/req/202505011/tlogo/fb/18bb7c16.png,FW,RW,0.638,7557736,223846398,13.5635361,32.98213468,1,3,3.9,,,,,,,,,,9,,,,,,,2,0,63,1.3,-1.3,,,,,,,,,5,2,88,19
Declan Rice,https://fbref.com/req/202302030/images/headshots/1c7012b8_2022.jpg,Arsenal,https://cdn.ssref.net/req/202505011/tlogo/fb/18bb7c17.png,MF,CM,1.841,15241227,223846398,25.49927575,67.37360892,2,1,26.8,,,,,,,,,,53,,162,51,,95,5.2,,,,,,,,,,,,,,2,1,26,9
Mikel Merino,https://fbref.com/req/202302030/images/headshots/d080ed5e_2022.jpg,Arsenal,https://cdn.ssref.net/req/202505011/tlogo/fb/18bb7c18.png,MF,CM,0.564,8255665,223846398,10.69505916,28.2582431,2,1,14.9,,,,,,,,,,12,,60,14,,38,1.1,,,,,,,,,,,,,,4,2,102,53
Myles Lewis-Skelly,https://fbref.com/req/202302030/images/headshots/5dff6c28_2022.jpg,Arsenal,https://cdn.ssref.net/req/202505011/tlogo/fb/18bb7c19.png,MF,CM,0.437,274827,223846398,9.222752573,24.36814798,2,1,10.7,,,,,,,,,,18,,52,5,,18,0.3,,,,,,,,,,,,,,5,3,113,59
Martin Ødegaard,https://fbref.com/req/202302030/images/headshots/79300479_2022.jpg,Arsenal,https://cdn.ssref.net/req/202505011/tlogo/fb/18bb7c20.png,MF,CAM,1.911,15241227,223846398,26.31078332,120,2,2,20.7,,,,,,,,,,57,,198,49,,95,5.6,,,,,,,,,,,,,,1,1,23,9
Jorginho,https://fbref.com/req/202302030/images/headshots/45db685d_2022.jpg,Arsenal,https://cdn.ssref.net/req/202505011/tlogo/fb/18bb7c21.png,MF,CDM,2.29,6985563,223846398,7.20909243,30.01569181,2,3,7.8,,3,,7,86.7,,,,,,54,48,3,4,,,,,,,,,,,,,,,,6,2,119,34
Thomas Partey,https://fbref.com/req/202302030/images/headshots/529f49ab_2022.jpg,Arsenal,https://cdn.ssref.net/req/202505011/tlogo/fb/18bb7c22.png,MF,CDM,5.044,12701023,223846398,21.61220202,89.98430819,2,3,26.1,,22,,30,87.4,,,,,,112,156,17,48,,,,,,,,,,,,,,,,3,1,42,16
Gabriel Magalhães,https://fbref.com/req/202302030/images/headshots/67ac5bb8_2022.jpg,Arsenal,https://cdn.ssref.net/req/202505011/tlogo/fb/18bb7c23.png,DF,CB,1.991,6350511,223846398,19.6688395,42.95739177,3,1,26.3,58.9,42,93,16,90.2,,,,,,,,,,,,,,,,,,,,,,,,,3,1,53,21
Jakub Kiwior,https://fbref.com/req/202302030/images/headshots/dc3e663e_2022.jpg,Arsenal,https://cdn.ssref.net/req/202505011/tlogo/fb/18bb7c24.png,DF,CB,1.47,3683297,223846398,16.18783094,35.3547547,3,1,6.5,53.8,6,25,2,88.5,,,,,,,,,,,,,,,,,,,,,,,,,6,3,86,45
William Saliba,https://fbref.com/req/202302030/images/headshots/972aeb2a_2022.jpg,Arsenal,https://cdn.ssref.net/req/202505011/tlogo/fb/18bb7c25.png,DF,CB,1.904,12065972,223846398,19.08755784,41.68785353,3,1,29.3,63.6,21,101,19,93.7,,,,,,,,,,,,,,,,,,,,,,,,,4,2,59,25
Kieran Tierney,https://fbref.com/req/202302030/images/headshots/fce2302c_2022.jpg,Arsenal,https://cdn.ssref.net/req/202505011/tlogo/fb/18bb7c26.png,DF,LB,1.395,6985563,223846398,21.35655567,49.65189424,3,2,1.8,,,,,,7,4,4,3,,,,,,,,,,,,,,,,,,,,,2,1,42,12
Oleksandr Zinchenko,https://fbref.com/req/202302030/images/headshots/51cf8561_2022.jpg,Arsenal,https://cdn.ssref.net/req/202505011/tlogo/fb/18bb7c27.png,DF,LB,0.782,9525767,223846398,13.32852252,30.98750569,3,2,4,,,,,,8,9,2,3,,,,,,,,,,,,,,,,,,,,,7,3,119,22
Riccardo Calafiori,https://fbref.com/req/202302030/images/headshots/aded8e6f_2022.jpg,Arsenal,https://cdn.ssref.net/req/202505011/tlogo/fb/18bb7c28.png,DF,LB,1.057,7620614,223846398,16.93000558,39.36060007,3,2,10.3,,,,,,11,21,26,12,,,,,,,,,,,,,,,,,,,,,5,2,72,17
Ben White,https://fbref.com/req/202302030/images/headshots/35e413f1_2022.jpg,Arsenal,https://cdn.ssref.net/req/202505011/tlogo/fb/18bb7c29.png,DF,RB,0.6,9525767,223846398,10.94499555,30.74243035,3,3,8.5,,,,,,8,5,11,8,,,,,,,,,,,,,,,,,,,,,8,2,159,38
Jurriën Timber,https://fbref.com/req/202302030/images/headshots/41034650_2022.jpg,Arsenal,https://cdn.ssref.net/req/202505011/tlogo/fb/18bb7c30.png,DF,RB,1.955,5715460,223846398,28.69048482,80.58616629,3,3,25.9,,,,,,28,53,57,26,,,,,,,,,,,,,,,,,,,,,1,1,16,4
Takehiro Tomiyasu,https://fbref.com/req/202302030/images/headshots/b3af9be1_2022.jpg,Arsenal,https://cdn.ssref.net/req/202505011/tlogo/fb/18bb7c31.png,DF,RB,0,6350511,223846398,3.087214319,8.671403361,3,3,0.1,,,,,,0,0,0,0,,,,,,,,,,,,,,,,,,,,,9,3,178,46
David Raya,https://fbref.com/req/202302030/images/headshots/98ea5115_2022.jpg,Arsenal,https://cdn.ssref.net/req/202505011/tlogo/fb/18bb7c32.png,GK,GK,3.953,6350511,223846398,22.93473246,360,4,0,32,,,,,,,,,,,,,,,,,,,,,,,,,11,30.1,0.3,128,76.5,1,1,10,10
Donyell Malen,https://fbref.com/req/202302030/images/headshots/116c35df_2022.jpg,Aston Villa,https://cdn.ssref.net/req/202505011/tlogo/fb/8602292d.png,FW,ST,0.686,9618937,142085439,14.64861899,27.95111431,1,1,3,,,,,,,,,,5,,,,,,,0,3,23,1.6,1.4,,,,,,,,,5,3,82,32
Jáder Durán,https://fbref.com/req/202302030/images/headshots/414184f7_2022.jpg,Aston Villa,https://cdn.ssref.net/req/202505011/tlogo/fb/8602293d.png,FW,ST,0.71,4762884,142085439,15.19116044,28.98634076,1,1,7.1,,,,,,,,,,7,,,,,,,0,7,44,4.9,2.1,,,,,,,,,4,2,78,29
Ollie Watkins,https://fbref.com/req/202302030/images/headshots/aed3a70f_2022.jpg,Aston Villa,https://cdn.ssref.net/req/202505011/tlogo/fb/8602294d.png,FW,ST,1.5,8255665,142085439,33.04981631,63.06254493,1,1,25,,,,,,,,,,21,,,,,,,7,15,142,14.5,0.5,,,,,,,,,2,1,14,7
Jaden Philogene Bidace,https://fbref.com/req/202302030/images/headshots/19f4d211_2022.jpg,Aston Villa,https://cdn.ssref.net/req/202505011/tlogo/fb/8602295d.png,FW,LW,0.322,2540205,142085439,6.420073756,19.26512154,1,2,4.5,,,,,,,,,,4,,,,,,,0,1,26.5,1.25,-0.25,,,,,,,,,7,2,125,41
Morgan Rogers,https://fbref.com/req/202302030/images/headshots/2e5915f1_2022.jpg,Aston Villa,https://cdn.ssref.net/req/202505011/tlogo/fb/8602296d.png,FW,LW,1.523,4762884,142085439,33.56975186,100.7348785,1,2,29.8,,,,,,,,,,61,,,,,,,8,8,166,6.1,1.9,,,,,,,,,1,1,13,2
Leon Bailey,https://fbref.com/req/202302030/images/headshots/3a233281_2022.jpg,Aston Villa,https://cdn.ssref.net/req/202505011/tlogo/fb/8602297d.png,FW,RW,0.598,7620614,142085439,12.65930036,48.48484848,1,3,12.6,,,,,,,,,,22,,,,,,,2,1,121,1.7,-0.7,,,,,,,,,6,2,98,23
Marco Asensio,https://fbref.com/req/202302030/images/headshots/45af8a54_2022.jpg,Aston Villa,https://cdn.ssref.net/req/202505011/tlogo/fb/8602298d.png,FW,RW,0.864,8004329,142085439,18.67246804,71.51515152,1,3,5.2,,,,,,,,,,18,,,,,,,1,3,23,4.2,-1.2,,,,,,,,,3,1,57,15
Jacob Ramsey,https://fbref.com/req/202302030/images/headshots/1544f145_2022.jpg,Aston Villa,https://cdn.ssref.net/req/202505011/tlogo/fb/8602299d.png,MF,CM,1.057,4445358,142085439,16.41039101,26.86817351,2,1,15.8,,,,,,,,,,30,,62,18,,48,2.1,,,,,,,,,,,,,,3,3,58,25
John McGinn,https://fbref.com/req/202302030/images/headshots/90f91999_2022.jpg,Aston Villa,https://cdn.ssref.net/req/202505011/tlogo/fb/8602300d.png,MF,CM,1.086,7620614,142085439,16.74658701,27.41861575,2,1,21.8,,,,,,,,,,16,,89,27,,66,2.4,,,,,,,,,,,,,,2,2,56,23
Lamare Bogarde,https://fbref.com/req/202302030/images/headshots/bca5c4a7_2022.jpg,Aston Villa,https://cdn.ssref.net/req/202505011/tlogo/fb/8602301d.png,MF,CM,0.354,508041,142085439,8.260536459,13.52469461,2,1,5.3,,,,,,,,,,6,,14,2,,10,0.1,,,,,,,,,,,,,,7,4,115,60
Youri Tielemans,https://fbref.com/req/202302030/images/headshots/56f7a928_2022.jpg,Aston Villa,https://cdn.ssref.net/req/202505011/tlogo/fb/8602302d.png,MF,CM,2.391,9525767,142085439,31.87540663,52.18851613,2,1,31.4,,,,,,,,,,25,,221,58,,114,5.6,,,,,,,,,,,,,,1,1,11,4
Emi Buendía,https://fbref.com/req/202302030/images/headshots/66b76d44_2022.jpg,Aston Villa,https://cdn.ssref.net/req/202505011/tlogo/fb/8602303d.png,MF,CAM,0.911,4762884,142085439,14.71781809,120,2,2,1.1,,,,,,,,,,5,,7,1,,3,0,,,,,,,,,,,,,,4,1,69,22
Amadou Onana,https://fbref.com/req/202302030/images/headshots/828657ff_2022.jpg,Aston Villa,https://cdn.ssref.net/req/202505011/tlogo/fb/8602304d.png,MF,CDM,3.479,8890716,142085439,13.42742841,59.61686436,2,3,14.1,,13,,23,88.7,,,,,,62,58,7,24,,,,,,,,,,,,,,,,6,2,82,24
Boubacar Kamara,https://fbref.com/req/202302030/images/headshots/cc77354e_2022.jpg,Aston Villa,https://cdn.ssref.net/req/202505011/tlogo/fb/8602305d.png,MF,CDM,3.512,9525767,142085439,13.60001469,60.38313564,2,3,14.3,,16,,15,89.2,,,,,,64,68,10,19,,,,,,,,,,,,,,,,5,1,77,23
Axel Disasi,https://fbref.com/req/202302030/images/headshots/ad82197c_2022.jpg,Aston Villa,https://cdn.ssref.net/req/202505011/tlogo/fb/8602306d.png,DF,CB,1.44,2748268,142085439,15.98738899,26.72521562,3,1,4.55,64.25,4,14.5,3.5,89.15,,,,,,,,,,,,,,,,,,,,,,,,,4,1,88,46
Diego Carlos,https://fbref.com/req/202302030/images/headshots/b4a014b1_2022.jpg,Aston Villa,https://cdn.ssref.net/req/202505011/tlogo/fb/8602307d.png,DF,CB,1.083,6350511,142085439,13.60212977,22.73791244,3,1,9.2,52.4,13,36,5,88.6,,,,,,,,,,,,,,,,,,,,,,,,,8,4,115,65
Ezri Konsa,https://fbref.com/req/202302030/images/headshots/0313a347_2022.jpg,Aston Villa,https://cdn.ssref.net/req/202505011/tlogo/fb/8602308d.png,DF,CB,1.421,4762884,142085439,15.86044242,26.51300621,3,1,27.6,56.3,17,93,21,92.7,,,,,,,,,,,,,,,,,,,,,,,,,6,2,92,49
Pau Torres,https://fbref.com/req/202302030/images/headshots/532e1e4f_2022.jpg,Aston Villa,https://cdn.ssref.net/req/202505011/tlogo/fb/8602309d.png,DF,CB,0.929,6350511,142085439,12.57319442,21.0178993,3,1,18.2,41.7,14,58,9,88.2,,,,,,,,,,,,,,,,,,,,,,,,,9,5,138,80
Tyrone Mings,https://fbref.com/req/202302030/images/headshots/8397a50c_2022.jpg,Aston Villa,https://cdn.ssref.net/req/202505011/tlogo/fb/8602310d.png,DF,CB,1.107,6350511,142085439,13.76248333,23.00596643,3,1,11.7,55.3,13,58,8,88.6,,,,,,,,,,,,,,,,,,,,,,,,,7,3,114,64
Ian Maatsen,https://fbref.com/req/202302030/images/headshots/cab9634e_2022.jpg,Aston Villa,https://cdn.ssref.net/req/202505011/tlogo/fb/8602311d.png,DF,LB,0.979,6350511,142085439,15.90849402,53.32714709,3,2,9.9,,,,,,47,26,25,15,,,,,,,,,,,,,,,,,,,,,5,2,90,20
Lucas Digne,https://fbref.com/req/202302030/images/headshots/1b84dbe1_2022.jpg,Aston Villa,https://cdn.ssref.net/req/202505011/tlogo/fb/8602312d.png,DF,LB,1.283,7620614,142085439,19.88976984,66.67285291,3,2,23.9,,,,,,136,21,60,14,,,,,,,,,,,,,,,,,,,,,2,1,52,14
Andrés García,0,Aston Villa,https://cdn.ssref.net/req/202505011/tlogo/fb/8602313d.png,DF,RB,1.568,1030600,142085439,23.62221592,67.46151542,3,3,3.5,,,,,,18,26,9,13,,,,,,,,,,,,,,,,,,,,,1,1,34,15
Matty Cash,https://fbref.com/req/202302030/images/headshots/2389cdc2_2022.jpg,Aston Villa,https://cdn.ssref.net/req/202505011/tlogo/fb/8602314d.png,DF,RB,1.169,5080409,142085439,18.39679141,52.53848458,3,3,18.3,,,,,,27,43,46,33,,,,,,,,,,,,,,,,,,,,,3,2,62,20
Emiliano Martínez,https://fbref.com/req/202302030/images/headshots/7956236f_2022.jpg,Aston Villa,https://cdn.ssref.net/req/202505011/tlogo/fb/8602315d.png,GK,GK,2.666,9525767,142085439,15.80476052,109.9046231,4,0,31,,,,,,,,,,,,,,,,,,,,,,,,,5,25.1,-1.4,137,65.9,2,2,18,18
Robin Olsen,https://fbref.com/req/202302030/images/headshots/e7ee38c3_2022.jpg,Aston Villa,https://cdn.ssref.net/req/202505011/tlogo/fb/8602316d.png,GK,GK,6.305,3175256,142085439,35.96479772,250.0953769,4,0,2,,,,,,,,,,,,,,,,,,,,,,,,,1,34.4,0.2,10,55.6,1,1,5,5
Antoine Semenyo,https://fbref.com/req/202302030/images/headshots/efd2ec23_2022.jpg,Bournemouth,https://cdn.ssref.net/req/202505011/tlogo/fb/4ba7cbea.png,FW,ST,1.378,3175256,72279435,30.2918973,57.6550735,1,1,31.4,,,,,,,,,,64,,,,,,,4,8,258,9.1,-1.1,,,,,,,,,1,1,19,9
Daniel Jebbison,https://fbref.com/req/202302030/images/headshots/03edb878_2022.jpg,Bournemouth,https://cdn.ssref.net/req/202505011/tlogo/fb/4ba8cbea.png,FW,ST,0.325,343533,72279435,6.487891436,12.34851201,1,1,0.8,,,,,,,,,,1,,,,,,,0,0,11,0.2,-0.2,,,,,,,,,7,4,124,48
Enes Ünal,https://fbref.com/req/202302030/images/headshots/f8eca1b6_2022.jpg,Bournemouth,https://cdn.ssref.net/req/202505011/tlogo/fb/4ba9cbea.png,FW,ST,0.605,952577,72279435,12.81754162,24.3958408,1,1,3.8,,,,,,,,,,3,,,,,,,1,2,22,2.7,-0.7,,,,,,,,,6,3,93,36
Evanilson,0,Bournemouth,https://cdn.ssref.net/req/202505011/tlogo/fb/4ba10cbea.png,FW,ST,0.633,5397935,72279435,13.45050664,25.60057368,1,1,21.1,,,,,,,,,,14,,,,,,,0,9,86,11,-2,,,,,,,,,5,2,90,35
Dango Ouattara,https://fbref.com/req/202302030/images/headshots/2f9e4435_2022.jpg,Bournemouth,https://cdn.ssref.net/req/202505011/tlogo/fb/4ba11cbea.png,FW,LW,0.977,2222679,72279435,21.226934,38.64197531,1,2,20.5,,,,,,,,,,32,,,,,,,4,7,184,8.2,-1.2,,,,,,,,,3,2,47,17
Justin Kluivert,https://fbref.com/req/202302030/images/headshots/4c3a6744_2022.jpg,Bournemouth,https://cdn.ssref.net/req/202505011/tlogo/fb/4ba12cbea.png,FW,LW,1.271,5080409,72279435,27.87306669,50.74074074,1,2,22.5,,,,,,,,,,46,,,,,,,6,12,142,9.9,2.1,,,,,,,,,2,1,27,7
Luis Sinisterra,https://fbref.com/req/202302030/images/headshots/8e16dd48_2022.jpg,Bournemouth,https://cdn.ssref.net/req/202505011/tlogo/fb/4ba13cbea.png,FW,LW,0.782,4127832,72279435,16.81878477,30.61728395,1,2,2.6,,,,,,,,,,6,,,,,,,1,1,38,1.2,-0.2,,,,,,,,,4,3,70,24
Alex Scott,https://fbref.com/req/202302030/images/headshots/69942fb3_2022.jpg,Bournemouth,https://cdn.ssref.net/req/202505011/tlogo/fb/4ba14cbea.png,MF,CM,0.821,2540205,72279435,13.67445122,25.39099013,2,1,6.8,,,,,,,,,,6,,48,9,,25,0.8,,,,,,,,,,,,,,5,3,76,37
Lewis Cook,https://fbref.com/req/202302030/images/headshots/2afc7272_2022.jpg,Bournemouth,https://cdn.ssref.net/req/202505011/tlogo/fb/4ba15cbea.png,MF,CM,2.021,3810307,72279435,27.58600949,51.2222453,2,1,30.1,,,,,,,,,,28,,152,47,,86,3.7,,,,,,,,,,,,,,2,1,16,5
Philip Billing,https://fbref.com/req/202302030/images/headshots/d328a254_2022.jpg,Bournemouth,https://cdn.ssref.net/req/202505011/tlogo/fb/4ba16cbea.png,MF,CM,1.657,2857730,72279435,23.36617015,43.38676457,2,1,2,,,,,,,,,,1,,15,9,,16,1,,,,,,,,,,,,,,4,2,38,13
Ryan Christie,https://fbref.com/req/202302030/images/headshots/26ce2263_2022.jpg,Bournemouth,https://cdn.ssref.net/req/202505011/tlogo/fb/4ba17cbea.png,MF,CAM,1.897,4445358,72279435,26.1484818,120,2,2,23.5,,,,,,,,,,40,,137,41,,85,3,,,,,,,,,,,,,,3,1,24,10
Tyler Adams,https://fbref.com/req/202302030/images/headshots/2b09d998_2022.jpg,Bournemouth,https://cdn.ssref.net/req/202505011/tlogo/fb/4ba18cbea.png,MF,CDM,6.601,3810307,72279435,29.75513652,120,2,3,17,,27,,29,83.1,,,,,,91,61,14,45,,,,,,,,,,,,,,,,1,1,14,7
Dean Huijsen,0,Bournemouth,https://cdn.ssref.net/req/202505011/tlogo/fb/4ba19cbea.png,DF,CB,2.527,1905153,72279435,23.25006904,47.23491569,3,1,22.8,59.8,33,164,49,84,,,,,,,,,,,,,,,,,,,,,,,,,2,1,35,11
James Hill,https://fbref.com/req/202302030/images/headshots/8f4541c2_2022.jpg,Bournemouth,https://cdn.ssref.net/req/202505011/tlogo/fb/4ba20cbea.png,DF,CB,2.03,317526,72279435,19.92941404,40.48866222,3,1,5,53.8,5,31,9,64.9,,,,,,,,,,,,,,,,,,,,,,,,,3,2,51,20
Marcos Senesi,https://fbref.com/req/202302030/images/headshots/35141f4c_2022.jpg,Bournemouth,https://cdn.ssref.net/req/202505011/tlogo/fb/4ba21cbea.png,DF,CB,1.425,3175256,72279435,15.88716802,32.27642209,3,1,11.2,46,14,53,11,76.7,,,,,,,,,,,,,,,,,,,,,,,,,4,3,91,48
Milos Kerkez,https://fbref.com/req/202302030/images/headshots/0ad53bdc_2022.jpg,Bournemouth,https://cdn.ssref.net/req/202505011/tlogo/fb/4ba22cbea.png,DF,LB,3.009,1905153,72279435,42.49398717,120,3,2,32.2,,,,,,115,89,49,62,,,,,,,,,,,,,,,,,,,,,1,1,8,1
Adam Smith,https://fbref.com/req/202302030/images/headshots/20b104bc_2022.jpg,Bournemouth,https://cdn.ssref.net/req/202505011/tlogo/fb/4ba23cbea.png,DF,RB,0.738,2540205,72279435,12.75228523,49.52867286,3,3,14.7,,,,,,28,12,20,15,,,,,,,,,,,,,,,,,,,,,5,1,134,32
Julian Araujo,https://fbref.com/req/202302030/images/headshots/8f4541c2_2022.jpg,Bournemouth,https://cdn.ssref.net/req/202505011/tlogo/fb/4ba24cbea.png,DF,RB,0.423,1587628,72279435,8.626950083,33.50626031,3,3,4,,,,,,5,3,7,1,,,,,,,,,,,,,,,,,,,,,7,3,170,42
Max Aarons,https://fbref.com/req/202302030/images/headshots/774cf58b_2022.jpg,Bournemouth,https://cdn.ssref.net/req/202505011/tlogo/fb/4ba25cbea.png,DF,RB,0.491,2222679,72279435,9.517498622,36.96506683,3,3,1,,,,,,2,1,2,0,,,,,,,,,,,,,,,,,,,,,6,2,164,39
Kepa Arrizabalaga,https://fbref.com/req/202302030/images/headshots/28d596a0_2022.jpg,Bournemouth,https://cdn.ssref.net/req/202505011/tlogo/fb/4ba26cbea.png,GK,GK,2.061,4762884,72279435,12.45306431,94.37531447,4,0,26,,,,,,,,,,,,,,,,,,,,,,,,,7,35.1,1.7,114,75,3,3,29,29
Neto,https://fbref.com/req/202302030/images/headshots/a9dc785c_2022.jpg,Bournemouth,https://cdn.ssref.net/req/202505011/tlogo/fb/4ba27cbea.png,GK,GK,3.835,3175256,72279435,22.2810132,168.8562409,4,0,2,,,,,,,,,,,,,,,,,,,,,,,,,0,43.5,2.3,9,84.6,1,1,13,13
Mark Travers,https://fbref.com/req/202302030/images/headshots/fe558029_2022.jpg,Bournemouth,https://cdn.ssref.net/req/202505011/tlogo/fb/4ba28cbea.png,GK,GK,2.118,1270102,72279435,12.76884395,96.76844458,4,0,5,,,,,,,,,,,,,,,,,,,,,,,,,1,41.7,4.5,33,80,2,2,27,27
Keane Lewis-Potter,https://fbref.com/req/202302030/images/headshots/41f08ac8_2022.jpg,Brentford,https://cdn.ssref.net/req/202505011/tlogo/fb/cd051869.png,FW,LW,0.85,2222679,54793585,18.35598553,48.02365697,1,2,30.2,,,,,,,,,,61,,,,,,,3,1,143,2.6,-1.6,,,,,,,,,3,2,62,21
Yoane Wissa,https://fbref.com/req/202302030/images/headshots/2500cef9_2022.jpg,Brentford,https://cdn.ssref.net/req/202505011/tlogo/fb/cd051870.png,FW,LW,1.255,1587628,54793585,27.5113724,71.97634303,1,2,27.4,,,,,,,,,,20,,,,,,,3,16,131,14.9,1.1,,,,,,,,,2,1,31,9
Bryan Mbeumo,https://fbref.com/req/202302030/images/headshots/6afaebf2_2022.jpg,Brentford,https://cdn.ssref.net/req/202505011/tlogo/fb/cd051871.png,FW,RW,1.949,2857730,54793585,43.19986249,86.7322239,1,3,32.9,,,,,,,,,,61,,,,,,,6,18,300,10.6,7.4,,,,,,,,,1,1,4,3
Kevin Schade,https://fbref.com/req/202302030/images/headshots/52afb588_2022.jpg,Brentford,https://cdn.ssref.net/req/202505011/tlogo/fb/cd051872.png,FW,RW,0.771,635051,54793585,16.57011994,33.2677761,1,3,21.5,,,,,,,,,,26,,,,,,,2,7,139,6.2,0.8,,,,,,,,,4,2,72,17
Mathias Jensen,https://fbref.com/req/202302030/images/headshots/0f134faf_2022.jpg,Brentford,https://cdn.ssref.net/req/202505011/tlogo/fb/cd051873.png,MF,CM,1.011,3175256,54793585,15.87711461,46.3253282,2,1,8.6,,,,,,,,,,8,,55,15,,37,1.3,,,,,,,,,,,,,,3,1,62,28
Vitaly Janelt,https://fbref.com/req/202302030/images/headshots/8449d35e_2022.jpg,Brentford,https://cdn.ssref.net/req/202505011/tlogo/fb/cd051874.png,MF,CM,0.961,1905153,54793585,15.29746635,44.63406398,2,1,25,,,,,,,,,,18,,80,14,,32,2.4,,,,,,,,,,,,,,4,2,65,29
Yunus Emre Konak,0,Brentford,https://cdn.ssref.net/req/202505011/tlogo/fb/cd051875.png,MF,CM,0.5,952577,54793585,9.953109382,29.04060782,2,1,0.4,,,,,,,,,,1,,2,0,,0,0,,,,,,,,,,,,,,6,3,106,56
Fabio Carvalho,https://fbref.com/req/202302030/images/headshots/966e28d0_2022.jpg,Brentford,https://cdn.ssref.net/req/202505011/tlogo/fb/cd051876.png,MF,CAM,0.503,2540205,54793585,9.987888278,25.88463435,2,2,5.1,,,,,,,,,,3,,17,4,,10,0.6,,,,,,,,,,,,,,5,2,105,31
Mikkel Damsgaard,https://fbref.com/req/202302030/images/headshots/215f3907_2022.jpg,Brentford,https://cdn.ssref.net/req/202505011/tlogo/fb/cd051877.png,MF,CAM,2.774,1905153,54793585,36.31551231,94.11536565,2,2,27.7,,,,,,,,,,42,,204,55,,109,5.9,,,,,,,,,,,,,,1,1,7,2
Christian Nørgaard,https://fbref.com/req/202302030/images/headshots/df0a4c90_2022.jpg,Brentford,https://cdn.ssref.net/req/202505011/tlogo/fb/cd051878.png,MF,CDM,6.54,2222679,54793585,29.4361134,120,2,3,26.3,,47,,42,81.7,,,,,,173,122,15,44,,,,,,,,,,,,,,,,2,1,15,8
Ben Mee,https://fbref.com/req/202302030/images/headshots/8df7a2fb_2022.jpg,Brentford,https://cdn.ssref.net/req/202505011/tlogo/fb/cd051879.png,DF,CB,2.188,3492781,54793585,20.98507499,33.34173998,3,1,2,50,3,7,4,77.5,,,,,,,,,,,,,,,,,,,,,,,,,3,1,43,14
Ethan Pinnock,https://fbref.com/req/202302030/images/headshots/e541326e_2022.jpg,Brentford,https://cdn.ssref.net/req/202505011/tlogo/fb/cd051880.png,DF,CB,1.044,1905153,54793585,13.34155523,21.19747801,3,1,21.3,59.4,29,142,24,85.6,,,,,,,,,,,,,,,,,,,,,,,,,5,3,118,67
Kristoffer Ajer,https://fbref.com/req/202302030/images/headshots/a8c0acb7_2022.jpg,Brentford,https://cdn.ssref.net/req/202505011/tlogo/fb/cd051881.png,DF,CB,0.694,2540205,54793585,11.0030658,17.48201324,3,1,15.4,55.1,17,49,12,78.2,,,,,,,,,,,,,,,,,,,,,,,,,7,5,157,92
Nathan Collins,https://fbref.com/req/202302030/images/headshots/a8c19eb8_2022.jpg,Brentford,https://cdn.ssref.net/req/202505011/tlogo/fb/cd051882.png,DF,CB,1.579,1905153,54793585,16.91610337,26.87683129,3,1,33,64.4,68,196,31,85.8,,,,,,,,,,,,,,,,,,,,,,,,,4,2,73,34
Sepp van den Berg,https://fbref.com/req/202302030/images/headshots/7bf9400b_2022.jpg,Brentford,https://cdn.ssref.net/req/202505011/tlogo/fb/cd051883.png,DF,CB,1.035,1270102,54793585,13.28142265,21.10193748,3,1,23.7,56,47,115,19,83.9,,,,,,,,,,,,,,,,,,,,,,,,,6,4,121,68
Jayden Meghoma,https://fbref.com/req/202302030/images/headshots/07382f6c_2022.jpg,Brentford,https://cdn.ssref.net/req/202505011/tlogo/fb/cd051884.png,DF,LB,0,952577,54793585,3.087214319,60,3,2,0.1,,,,,,0,0,0,0,,,,,,,,,,,,,,,,,,,,,8,1,178,38
Rico Henry,https://fbref.com/req/202302030/images/headshots/8a3c1dc7_2022.jpg,Brentford,https://cdn.ssref.net/req/202505011/tlogo/fb/cd051885.png,DF,LB,0,2222679,54793585,3.087214319,60,3,2,0.2,,,,,,0,0,0,0,,,,,,,,,,,,,,,,,,,,,8,1,178,38
Mads Roerslev,https://fbref.com/req/202302030/images/headshots/57c94db2_2022.jpg,Brentford,https://cdn.ssref.net/req/202505011/tlogo/fb/cd051886.png,DF,RB,3.472,1270102,54793585,48.55757502,47.5428269,3,3,12.2,,,,,,31,17,18,13,,,,,,,,,,,,,,,,,,,,,2,2,7,2
Michael Kayode,https://fbref.com/req/202302030/images/headshots/e19660a8_2022.jpg,Brentford,https://cdn.ssref.net/req/202505011/tlogo/fb/cd051887.png,DF,RB,5.415,2061201,54793585,74.00368989,72.4571731,3,3,1.4,,,,,,5,3,9,2,,,,,,,,,,,,,,,,,,,,,1,1,1,1
Mark Flekken,https://fbref.com/req/202302030/images/headshots/a92ab7be_2022.jpg,Brentford,https://cdn.ssref.net/req/202505011/tlogo/fb/cd051888.png,GK,GK,2.757,1905153,54793585,16.30889995,99.84132315,4,0,31.4,,,,,,,,,,,,,,,,,,,,,,,,,5,34.1,1.5,223,73.3,2,2,16,16
Hákon Rafn Valdimarsson,https://fbref.com/req/202302030/images/headshots/57a34cf4_2022.jpg,Brentford,https://cdn.ssref.net/req/202505011/tlogo/fb/cd051889.png,GK,GK,7.484,635051,54793585,42.49645034,260.1586768,4,0,1.6,,,,,,,,,,,,,,,,,,,,,,,,,1,42.6,-0.4,15,50,1,1,3,3
Danny Welbeck,https://fbref.com/req/202302030/images/headshots/ce5143da_2022.jpg,Brighton,https://cdn.ssref.net/req/202505011/tlogo/fb/d07537b9.png,FW,ST,0.75,3810307,80489884,16.09539618,38.07486631,1,1,19.6,,,,,,,,,,20,,,,,,,4,9,77,8,1,,,,,,,,,3,2,74,27
Georginio Rutter,https://fbref.com/req/202302030/images/headshots/c64c01fc_2022.jpg,Brighton,https://cdn.ssref.net/req/202505011/tlogo/fb/d07537b10.png,FW,ST,0.6,4762884,80489884,12.70451215,30.05347594,1,1,18.4,,,,,,,,,,36,,,,,,,3,5,79,4.6,0.4,,,,,,,,,5,3,96,37
João Pedro,https://fbref.com/req/202302030/images/headshots/e8832875_2022.jpg,Brighton,https://cdn.ssref.net/req/202505011/tlogo/fb/d07537b11.png,FW,ST,1.008,3175256,80489884,21.9277167,51.87165775,1,1,21.6,,,,,,,,,,39,,,,,,,6,10,128,8.9,1.1,,,,,,,,,2,1,44,17
Jeremy Sarmiento,https://fbref.com/req/202302030/images/headshots/ac0d576d_2022.jpg,Brighton,https://cdn.ssref.net/req/202505011/tlogo/fb/d07537b12.png,FW,LW,0.2,1361441,80489884,3.662154748,11.44202472,1,2,0.1,,,,,,,,,,0,,,,,,,0,0,2,0,0,,,,,,,,,8,3,132,45
Kaoru Mitoma,https://fbref.com/req/202302030/images/headshots/74618572_2022.jpg,Brighton,https://cdn.ssref.net/req/202505011/tlogo/fb/d07537b13.png,FW,LW,1.162,5080409,80489884,25.4090243,79.38787522,1,2,27.7,,,,,,,,,,76,,,,,,,3,8,274,8.2,-0.2,,,,,,,,,1,1,34,11
Simon Adingra,https://fbref.com/req/202302030/images/headshots/4dcec659_2022.jpg,Brighton,https://cdn.ssref.net/req/202505011/tlogo/fb/d07537b14.png,FW,LW,0.451,793814,80489884,9.336234018,29.17010006,1,2,9.2,,,,,,,,,,17,,,,,,,1,2,105,2.2,-0.2,,,,,,,,,6,2,114,36
Brajan Gruda,https://fbref.com/req/202302030/images/headshots/ae9b998d_2022.jpg,Brighton,https://cdn.ssref.net/req/202505011/tlogo/fb/d07537b15.png,FW,RW,0.346,3175256,80489884,6.9626152,40.74972437,1,3,5.5,,,,,,,,,,16,,,,,,,1,0,46,0.4,-0.4,,,,,,,,,7,2,119,28
Yankuba Minteh,0,Brighton,https://cdn.ssref.net/req/202505011/tlogo/fb/d07537b16.png,FW,RW,0.637,2540205,80489884,13.54093021,79.25027563,1,3,16.3,,,,,,,,,,17,,,,,,,4,5,154,3.7,1.3,,,,,,,,,4,1,89,20
Diego Gómez,0,Brighton,https://cdn.ssref.net/req/202505011/tlogo/fb/d07537b17.png,MF,CM,0.957,1717667,80489884,15.25109449,9.339695857,2,1,4.8,,,,,,,,,,3,,18,5,,12,0.8,,,,,,,,,,,,,,7,6,66,30
Jack Hinshelwood,https://fbref.com/req/202302030/images/headshots/e98211e7_2022.jpg,Brighton,https://cdn.ssref.net/req/202505011/tlogo/fb/d07537b18.png,MF,CM,1.156,635051,80489884,17.55809457,10.75249145,2,1,17.7,,,,,,,,,,18,,55,12,,30,1.4,,,,,,,,,,,,,,6,5,53,22
Jakub Moder,https://fbref.com/req/202302030/images/headshots/f230bc30_2022.jpg,Brighton,https://cdn.ssref.net/req/202505011/tlogo/fb/d07537b19.png,MF,CM,22.8,635051,80489884,100,61.23951211,2,1,0.1,,,,,,,,,,3,,4,3,,4,0.5,,,,,,,,,,,,,,1,1,1,1
James Milner,https://fbref.com/req/202302030/images/headshots/2f90f6b8_2022.jpg,Brighton,https://cdn.ssref.net/req/202505011/tlogo/fb/d07537b20.png,MF,CM,1.173,3810307,80489884,17.75517498,10.87318253,2,1,1.9,,,,,,,,,,1,,10,4,,8,0.2,,,,,,,,,,,,,,5,4,52,21
Matt O'Riley,https://fbref.com/req/202302030/images/headshots/fb495bb8_2022.jpg,Brighton,https://cdn.ssref.net/req/202505011/tlogo/fb/d07537b21.png,MF,CM,1.432,3175256,80489884,20.75775297,12.71194665,2,1,7.5,,,,,,,,,,11,,29,13,,29,1.3,,,,,,,,,,,,,,3,3,45,16
Yasin Ayari,https://fbref.com/req/202302030/images/headshots/f173303a_2022.jpg,Brighton,https://cdn.ssref.net/req/202505011/tlogo/fb/d07537b22.png,MF,CM,1.766,508041,80489884,24.62980336,15.08317141,2,1,18.3,,,,,,,,,,23,,65,26,,52,2.3,,,,,,,,,,,,,,2,2,32,11
Carlos Baleba,https://fbref.com/req/202302030/images/headshots/a1390d2f_2022.jpg,Brighton,https://cdn.ssref.net/req/202505011/tlogo/fb/d07537b23.png,MF,CDM,4.572,793814,80489884,19.14369522,72.27072088,2,3,24.7,,42,,39,87.5,,,,,,163,108,20,37,,,,,,,,,,,,,,,,4,1,49,18
Mats Wieffer,https://fbref.com/req/202302030/images/headshots/4876c9ab_2022.jpg,Brighton,https://cdn.ssref.net/req/202505011/tlogo/fb/d07537b24.png,MF,CDM,3.329,3810307,80489884,12.64294532,47.72927912,2,3,6.7,,11,,9,86.6,,,,,,50,40,11,16,,,,,,,,,,,,,,,,8,2,90,25
Adam Webster,https://fbref.com/req/202302030/images/headshots/c40b6180_2022.jpg,Brighton,https://cdn.ssref.net/req/202505011/tlogo/fb/d07537b25.png,DF,CB,1.492,3492781,80489884,16.33482171,16.17840557,3,1,6.9,81,12,28,14,85.6,,,,,,,,,,,,,,,,,,,,,,,,,4,3,85,44
Eiran Cashin,https://fbref.com/req/202302030/images/headshots/f557c3b8_2022.jpg,Brighton,https://cdn.ssref.net/req/202505011/tlogo/fb/d07537b26.png,DF,CB,19.902,1030600,80489884,61.25287467,60.66634005,3,1,0.2,66.7,0,2,0,82.1,,,,,,,,,,,,,,,,,,,,,,,,,1,1,4,3
Igor,https://fbref.com/req/202302030/images/headshots/a4e85758_2022.jpg,Brighton,https://cdn.ssref.net/req/202505011/tlogo/fb/d07537b27.png,DF,CB,1.033,2857730,80489884,13.26805985,13.14100987,3,1,10,57.1,23,39,4,92.1,,,,,,,,,,,,,,,,,,,,,,,,,8,5,122,69
Jan Paul van Hecke,https://fbref.com/req/202302030/images/headshots/4fd08daa_2022.jpg,Brighton,https://cdn.ssref.net/req/202505011/tlogo/fb/d07537b28.png,DF,CB,1.578,1905153,80489884,16.90942197,16.74750367,3,1,28.9,60.3,32,128,23,87.9,,,,,,,,,,,,,,,,,,,,,,,,,3,2,74,35
Lewis Dunk,https://fbref.com/req/202302030/images/headshots/282f75f3_2022.jpg,Brighton,https://cdn.ssref.net/req/202505011/tlogo/fb/d07537b29.png,DF,CB,1.052,5080409,80489884,13.39500642,13.26674085,3,1,21.1,62.7,24,69,12,90.8,,,,,,,,,,,,,,,,,,,,,,,,,7,4,117,66
Ferdi Kadioglu,https://fbref.com/req/202302030/images/headshots/66c52a77_2022.jpg,Brighton,https://cdn.ssref.net/req/202505011/tlogo/fb/d07537b30.png,DF,LB,0.362,5556698,80489884,7.828075659,25.61283538,3,2,4.3,,,,,,9,1,10,0,,,,,,,,,,,,,,,,,,,,,9,2,171,34
Pervis Estupiñán,https://fbref.com/req/202302030/images/headshots/d38fdf53_2022.jpg,Brighton,https://cdn.ssref.net/req/202505011/tlogo/fb/d07537b31.png,DF,LB,1.967,3175256,80489884,28.84764044,94.38716462,3,2,22.7,,,,,,103,53,51,46,,,,,,,,,,,,,,,,,,,,,2,1,15,5
Joël Veltman,https://fbref.com/req/202302030/images/headshots/dad4b285_2022.jpg,Brighton,https://cdn.ssref.net/req/202505011/tlogo/fb/d07537b32.png,DF,RB,0.971,3175256,80489884,15.8037236,62.11026249,3,3,18.3,,,,,,23,29,42,22,,,,,,,,,,,,,,,,,,,,,5,1,93,24
Tariq Lamptey,https://fbref.com/req/202302030/images/headshots/f4e433d4_2022.jpg,Brighton,https://cdn.ssref.net/req/202505011/tlogo/fb/d07537b33.png,DF,RB,0.889,2222679,80489884,14.72982684,57.88973751,3,3,8.5,,,,,,24,25,14,13,,,,,,,,,,,,,,,,,,,,,6,2,100,25
Jason Steele,https://fbref.com/req/202302030/images/headshots/28300a16_2022.jpg,Brighton,https://cdn.ssref.net/req/202505011/tlogo/fb/d07537b34.png,GK,GK,5.437,1270102,80489884,31.15608316,234.1184601,4,0,2,,,,,,,,,,,,,,,,,,,,,,,,,1,13.6,-0.5,7,75,1,1,6,6
Bart Verbruggen,https://fbref.com/req/202302030/images/headshots/cf134113_2022.jpg,Brighton,https://cdn.ssref.net/req/202505011/tlogo/fb/d07537b35.png,GK,GK,2.837,2222679,80489884,16.75209945,125.8815399,4,0,31,,,,,,,,,,,,,,,,,,,,,,,,,6,25.3,-6.1,105,63.7,2,2,15,15
Cole Palmer,https://fbref.com/req/202302030/images/headshots/dc7f8a28_2022.jpg,Chelsea,https://cdn.ssref.net/req/202505011/tlogo/fb/cff3d9bb.png,FW,CAM,2.442,8255665,227419141,32.46664785,86.14650725,1,0,29.5,,,,,,,,,,64,,,,,,,,,,,,,,,,,,,,1,1,15,3
João Félix,https://fbref.com/req/202302030/images/headshots/8aafd64f_2022.jpg,Chelsea,https://cdn.ssref.net/req/202505011/tlogo/fb/cff3d10bb.png,FW,CAM,0.742,8255665,227419141,12.75860697,33.85349275,1,0,4.1,,,,,,,,,,13,,,,,,,,,,,,,,,,,,,,5,2,95,29
Christopher Nkunku,https://fbref.com/req/202302030/images/headshots/7c56da38_2022.jpg,Chelsea,https://cdn.ssref.net/req/202505011/tlogo/fb/cff3d11bb.png,FW,ST,0.452,12383497,227419141,9.358839912,42.71711092,1,1,10.2,,,,,,,,,,16,,,,,,,2,3,68,4.8,-1.8,,,,,,,,,8,2,113,45
Marc Guiu,https://fbref.com/req/202302030/images/headshots/d3d774cc_2022.jpg,Chelsea,https://cdn.ssref.net/req/202505011/tlogo/fb/cff3d12bb.png,FW,ST,0.038,3175256,227419141,0,0,1,1,0.8,,,,,,,,,,0,,,,,,,0,0,3,0,0,,,,,,,,,10,3,138,54
Nicolas Jackson,https://fbref.com/req/202302030/images/headshots/9c36ed83_2022.jpg,Chelsea,https://cdn.ssref.net/req/202505011/tlogo/fb/cff3d13bb.png,FW,ST,0.787,6350511,227419141,16.93181424,77.28288908,1,1,21.6,,,,,,,,,,23,,,,,,,5,9,107,12.1,-3.1,,,,,,,,,2,1,69,25
Jadon Sancho,https://fbref.com/req/202302030/images/headshots/dbf053da_2022.jpg,Chelsea,https://cdn.ssref.net/req/202505011/tlogo/fb/cff3d14bb.png,FW,LW,0.553,9525767,227419141,11.64203516,46.96048632,1,2,17.9,,,,,,,,,,32,,,,,,,4,3,203,1.9,1.1,,,,,,,,,7,2,102,32
Mykhailo Mudryk,https://fbref.com/req/202302030/images/headshots/049a888d_2022.jpg,Chelsea,https://cdn.ssref.net/req/202505011/tlogo/fb/cff3d15bb.png,FW,LW,0.296,6350511,227419141,5.832320525,23.52583587,1,2,1.7,,,,,,,,,,8,,,,,,,0,0,12,0.3,-0.3,,,,,,,,,9,3,128,43
Tyrique George,0,Chelsea,https://cdn.ssref.net/req/202505011/tlogo/fb/cff3d16bb.png,FW,LW,0.581,515300,227419141,12.27500017,49.51367781,1,2,1,,,,,,,,,,1,,,,,,,1,0,16,0.1,-0.1,,,,,,,,,6,1,101,31
Noni Madueke,https://fbref.com/req/202302030/images/headshots/bf34eebd_2022.jpg,Chelsea,https://cdn.ssref.net/req/202505011/tlogo/fb/cff3d17bb.png,FW,RW,0.757,3175256,227419141,16.25363743,66.5227448,1,3,17.8,,,,,,,,,,41,,,,,,,3,7,194,7.9,-0.9,,,,,,,,,3,1,73,18
Pedro Neto,https://fbref.com/req/202302030/images/headshots/7ba2eaa9_2022.jpg,Chelsea,https://cdn.ssref.net/req/202505011/tlogo/fb/cff3d18bb.png,FW,RW,0.616,10160818,227419141,13.06620645,53.4772552,1,3,19.4,,,,,,,,,,48,,,,,,,4,3,200,2.5,0.5,,,,,,,,,4,2,92,21
Enzo Fernández,https://fbref.com/req/202302030/images/headshots/5ff4ab71_2022.jpg,Chelsea,https://cdn.ssref.net/req/202505011/tlogo/fb/cff3d19bb.png,MF,CM,1.945,11430921,227419141,26.70494413,92.81964173,2,1,26.8,,,,,,,,,,50,,185,67,,128,5.6,,,,,,,,,,,,,,1,1,21,8
Kiernan Dewsbury-Hall,https://fbref.com/req/202302030/images/headshots/5c74c0f5_2022.jpg,Chelsea,https://cdn.ssref.net/req/202505011/tlogo/fb/cff3d20bb.png,MF,CM,0.316,5080409,227419141,7.82000378,27.18035827,2,1,2.9,,,,,,,,,,1,,14,3,,5,0.2,,,,,,,,,,,,,,4,2,117,61
Moisés Caicedo,https://fbref.com/req/202302030/images/headshots/16264a81_2022.jpg,Chelsea,https://cdn.ssref.net/req/202505011/tlogo/fb/cff3d21bb.png,MF,CDM,5.489,9525767,227419141,23.93950186,89.46310444,2,3,31.2,,41,,42,89.9,,,,,,184,180,27,58,,,,,,,,,,,,,,,,2,1,34,14
Roméo Lavia,https://fbref.com/req/202302030/images/headshots/ecad9aa5_2022.jpg,Chelsea,https://cdn.ssref.net/req/202505011/tlogo/fb/cff3d22bb.png,MF,CDM,2.474,2857730,227419141,8.171391691,30.53689556,2,3,6,,6,,11,91.8,,,,,,28,18,6,10,,,,,,,,,,,,,,,,3,2,116,32
Benoît Badiashile,https://fbref.com/req/202302030/images/headshots/06df8256_2022.jpg,Chelsea,https://cdn.ssref.net/req/202505011/tlogo/fb/cff3d23bb.png,DF,CB,1.759,5715460,227419141,18.11875508,25.95436248,3,1,3.7,80,2,12,6,89.8,,,,,,,,,,,,,,,,,,,,,,,,,4,2,65,27
Levi Colwill,https://fbref.com/req/202302030/images/headshots/700783e7_2022.jpg,Chelsea,https://cdn.ssref.net/req/202505011/tlogo/fb/cff3d24bb.png,DF,CB,1.751,6350511,227419141,18.06530389,25.87779588,3,1,29,61.3,31,94,30,89.6,,,,,,,,,,,,,,,,,,,,,,,,,5,3,66,28
Renato Veiga,https://fbref.com/req/202302030/images/headshots/fc8fcbd1_2022.jpg,Chelsea,https://cdn.ssref.net/req/202505011/tlogo/fb/cff3d25bb.png,DF,CB,2.098,1587628,227419141,20.38374913,29.19887219,3,1,2,50,3,2,1,84.9,,,,,,,,,,,,,,,,,,,,,,,,,3,1,47,17
Tosin Adarabioyo,https://fbref.com/req/202302030/images/headshots/c81d773d_2022.jpg,Chelsea,https://cdn.ssref.net/req/202505011/tlogo/fb/cff3d26bb.png,DF,CB,0.992,7620614,227419141,12.99412252,18.61353964,3,1,13.6,58.1,9,61,10,91.4,,,,,,,,,,,,,,,,,,,,,,,,,7,5,127,72
Wesley Fofana,https://fbref.com/req/202302030/images/headshots/132a82f1_2022.jpg,Chelsea,https://cdn.ssref.net/req/202505011/tlogo/fb/cff3d27bb.png,DF,CB,1.174,12701023,227419141,14.21013702,20.35542981,3,1,13,69.2,14,55,14,90.2,,,,,,,,,,,,,,,,,,,,,,,,,6,4,108,59
Marc Cucurella,https://fbref.com/req/202302030/images/headshots/1daec722_2022.jpg,Chelsea,https://cdn.ssref.net/req/202505011/tlogo/fb/cff3d28bb.png,DF,LB,1.327,11113395,227419141,20.46600713,120,3,2,27.2,,,,,,28,29,53,15,,,,,,,,,,,,,,,,,,,,,2,1,46,13
Malo Gusto,https://fbref.com/req/202302030/images/headshots/d56b9520_2022.jpg,Chelsea,https://cdn.ssref.net/req/202505011/tlogo/fb/cff3d29bb.png,DF,RB,1.898,2857730,227419141,27.9439956,83.20092491,3,3,19.7,,,,,,50,47,43,32,,,,,,,,,,,,,,,,,,,,,1,1,23,9
Reece James,https://fbref.com/req/202302030/images/headshots/1265a93a_2022.jpg,Chelsea,https://cdn.ssref.net/req/202505011/tlogo/fb/cff3d30bb.png,DF,RB,0.708,15876279,227419141,12.35939617,36.79907509,3,3,8.5,,,,,,35,5,8,4,,,,,,,,,,,,,,,,,,,,,8,2,140,35
Filip Jørgensen,https://fbref.com/req/202302030/images/headshots/0107757e_2022.jpg,Chelsea,https://cdn.ssref.net/req/202505011/tlogo/fb/cff3d31bb.png,GK,GK,1.873,3175256,227419141,11.41154548,148.5260239,4,0,6,,,,,,,,,,,,,,,,,,,,,,,,,1,18.1,0.3,7,71.4,2,2,33,33
Robert Sánchez,https://fbref.com/req/202302030/images/headshots/6a713852_2022.jpg,Chelsea,https://cdn.ssref.net/req/202505011/tlogo/fb/cff3d32bb.png,GK,GK,2.746,3810307,227419141,16.24796002,211.4739761,4,0,26,,,,,,,,,,,,,,,,,,,,,,,,,7,31.1,2,80,76.8,1,1,17,17
Matheus França,https://fbref.com/req/202302030/images/headshots/077faf72_2022.jpg,Crystal Palace,https://cdn.ssref.net/req/202505011/tlogo/fb/47c64c55.png,FW,CAM,2.034,2540205,92238727,27.73671804,51.59463628,1,0,0.3,,,,,,,,,,1,,,,,,,,,,,,,,,,,,,,3,1,28,6
Eddie Nketiah,https://fbref.com/req/202302030/images/headshots/a53649b7_2022.jpg,Crystal Palace,https://cdn.ssref.net/req/202505011/tlogo/fb/47c64c56.png,FW,ST,0.905,5715460,92238727,19.59930967,37.26361032,1,1,8.9,,,,,,,,,,19,,,,,,,1,1,65,3.7,-2.7,,,,,,,,,4,2,53,18
Jean-Philippe Mateta,https://fbref.com/req/202302030/images/headshots/50e6dc35_2022.jpg,Crystal Palace,https://cdn.ssref.net/req/202505011/tlogo/fb/47c64c57.png,FW,ST,1.688,3175256,92238727,37.29972429,70.91690544,1,1,27,,,,,,,,,,20,,,,,,,2,13,114,12,1,,,,,,,,,2,1,9,4
Odsonne Édouard,https://fbref.com/req/202302030/images/headshots/0562b7f1_2022.jpg,Crystal Palace,https://cdn.ssref.net/req/202505011/tlogo/fb/47c64c58.png,FW,ST,0.313,5715460,92238727,6.216620714,11.81948424,1,1,0.8,,,,,,,,,,0.5,,,,,,,0,0,4.5,0.2,-0.2,,,,,,,,,6,3,126,49
Ismaila Sarr,https://fbref.com/req/202302030/images/headshots/bfdb33aa_2022.jpg,Crystal Palace,https://cdn.ssref.net/req/202505011/tlogo/fb/47c64c59.png,FW,RW,1.896,4445358,92238727,42.00175013,92.59136213,1,3,26.3,,,,,,,,,,41,,,,,,,4,7,160,8.3,-1.3,,,,,,,,,1,1,5,4
Jordan Ayew,https://fbref.com/req/202302030/images/headshots/da052c14_2022.jpg,Crystal Palace,https://cdn.ssref.net/req/202505011/tlogo/fb/47c64c60.png,FW,RW,0.588,1905153,92238727,12.43324143,27.40863787,1,3,7.4,,,,,,,,,,15,,,,,,,0,2,34.5,1.65,0.35,,,,,,,,,5,2,99,24
Adam Wharton,https://fbref.com/req/202302030/images/headshots/4b542852_2022.jpg,Crystal Palace,https://cdn.ssref.net/req/202505011/tlogo/fb/47c64c61.png,MF,CM,1.078,2222679,92238727,16.65384328,46.15855549,2,1,13.3,,,,,,,,,,20,,103,23,,54,1.9,,,,,,,,,,,,,,3,1,57,24
Justin Devenny,0,Crystal Palace,https://cdn.ssref.net/req/202505011/tlogo/fb/47c64c62.png,MF,CM,0.549,206120,92238727,10.52116468,29.16094233,2,1,3.9,,,,,,,,,,5,,13,6,,10,0.4,,,,,,,,,,,,,,7,3,103,54
Will Hughes,https://fbref.com/req/202302030/images/headshots/a0666d3e_2022.jpg,Crystal Palace,https://cdn.ssref.net/req/202505011/tlogo/fb/47c64c63.png,MF,CM,1.032,3175256,92238727,16.12056688,44.68050217,2,1,20.5,,,,,,,,,,22,,82,29,,61,2.3,,,,,,,,,,,,,,4,2,59,26
Daichi Kamada,https://fbref.com/req/202302030/images/headshots/15b287da_2022.jpg,Crystal Palace,https://cdn.ssref.net/req/202505011/tlogo/fb/47c64c64.png,MF,CAM,0.772,6668037,92238727,13.10639592,24.37994753,2,2,13.9,,,,,,,,,,16,,71,17,,41,1.3,,,,,,,,,,,,,,6,3,87,26
Eberechi Eze,https://fbref.com/req/202302030/images/headshots/ae4fc6a4_2022.jpg,Crystal Palace,https://cdn.ssref.net/req/202505011/tlogo/fb/47c64c65.png,MF,CAM,1.683,6350511,92238727,23.66758725,44.02541619,2,2,25.3,,,,,,,,,,43,,85,51,,116,3.4,,,,,,,,,,,,,,1,2,36,13
Cheick Doucouré,https://fbref.com/req/202302030/images/headshots/ce4f40c7_2022.jpg,Crystal Palace,https://cdn.ssref.net/req/202505011/tlogo/fb/47c64c66.png,MF,CDM,3.624,4445358,92238727,14.18576207,49.16899209,2,3,5,,4,,11,85.3,,,,,,31,19,1,8,,,,,,,,,,,,,,,,5,2,71,22
Jefferson Lerma,https://fbref.com/req/202302030/images/headshots/9b5ce51a_2022.jpg,Crystal Palace,https://cdn.ssref.net/req/202505011/tlogo/fb/47c64c67.png,MF,CDM,4.819,4445358,92238727,20.43547738,70.83100791,2,3,21.6,,31,,34,75.2,,,,,,136,83,9,13,,,,,,,,,,,,,,,,2,1,47,17
Caleb Kporha,0,Crystal Palace,https://cdn.ssref.net/req/202505011/tlogo/fb/47c64c68.png,DF,CB,12.8,343533,92238727,60.39289929,48.94327721,3,1,0.1,0,0,1,0,71.4,,,,,,,,,,,,,,,,,,,,,,,,,1,1,6,5
Chadi Riad,https://fbref.com/req/202302030/images/headshots/b3b9b8b8_2022.jpg,Crystal Palace,https://cdn.ssref.net/req/202505011/tlogo/fb/47c64c69.png,DF,CB,2.696,1905153,92238727,24.37922537,19.75727609,3,1,1,33.3,0,0,2,85.4,,,,,,,,,,,,,,,,,,,,,,,,,4,2,31,9
Chris Richards,https://fbref.com/req/202302030/images/headshots/0a3d6d2b_2022.jpg,Crystal Palace,https://cdn.ssref.net/req/202505011/tlogo/fb/47c64c70.png,DF,CB,0.738,3492781,92238727,11.29704733,9.155290198,3,1,17.4,48.5,35,96,10,81.1,,,,,,,,,,,,,,,,,,,,,,,,,9,7,155,90
Joachim Andersen,https://fbref.com/req/202302030/images/headshots/e34fc66d_2022.jpg,Crystal Palace,https://cdn.ssref.net/req/202505011/tlogo/fb/47c64c71.png,DF,CB,0.8,5715460,92238727,11.71129403,9.491001702,3,1,11.85,80.8,13,72.5,15,78,,,,,,,,,,,,,,,,,,,,,,,,,7,5,148,86
Marc Guéhi,https://fbref.com/req/202302030/images/headshots/d0706b27_2022.jpg,Crystal Palace,https://cdn.ssref.net/req/202505011/tlogo/fb/47c64c72.png,DF,CB,1.121,3175256,92238727,13.85602291,11.22912094,3,1,31,56.5,53,144,24,83.3,,,,,,,,,,,,,,,,,,,,,,,,,6,4,112,62
Maxence Lacroix,https://fbref.com/req/202302030/images/headshots/277c49ed_2022.jpg,Crystal Palace,https://cdn.ssref.net/req/202505011/tlogo/fb/47c64c73.png,DF,CB,1.291,3175256,92238727,14.99186063,12.14962023,3,1,29.6,55.1,40,177,49,81.7,,,,,,,,,,,,,,,,,,,,,,,,,5,3,98,53
Trevoh Chalobah,https://fbref.com/req/202302030/images/headshots/5515376c_2022.jpg,Crystal Palace,https://cdn.ssref.net/req/202505011/tlogo/fb/47c64c74.png,DF,CB,0.76,3175256,92238727,11.44403809,9.274413635,3,1,9.05,60.2,11,40,13,84.3,,,,,,,,,,,,,,,,,,,,,,,,,8,6,152,88
Ben Chilwell,https://fbref.com/req/202302030/images/headshots/d2424d1b_2022.jpg,Crystal Palace,https://cdn.ssref.net/req/202505011/tlogo/fb/47c64c75.png,DF,LB,0.482,6870669,92238727,9.399631904,30.19418497,3,2,1.5,,,,,,3,2,4,1,,,,,,,,,,,,,,,,,,,,,10,2,165,31
Tyrick Mitchell,https://fbref.com/req/202302030/images/headshots/5cbd1eb0_2022.jpg,Crystal Palace,https://cdn.ssref.net/req/202505011/tlogo/fb/47c64c76.png,DF,LB,1.899,2540205,92238727,27.9570919,89.80581503,3,2,30.7,,,,,,93,55,82,32,,,,,,,,,,,,,,,,,,,,,2,1,22,7
Daniel Muñoz,https://fbref.com/req/202302030/images/headshots/778ef829_2022.jpg,Crystal Palace,https://cdn.ssref.net/req/202505011/tlogo/fb/47c64c77.png,DF,RB,1.748,2857730,92238727,25.97955029,92.21428442,3,3,30.9,,,,,,58,48,107,32,,,,,,,,,,,,,,,,,,,,,3,1,28,12
Nathaniel Clyne,https://fbref.com/req/202302030/images/headshots/0442183b_2022.jpg,Crystal Palace,https://cdn.ssref.net/req/202505011/tlogo/fb/47c64c78.png,DF,RB,0.362,3175256,92238727,7.828075659,27.78571558,3,3,5.4,,,,,,7,6,12,2,,,,,,,,,,,,,,,,,,,,,11,2,171,43
Dean Henderson,https://fbref.com/req/202302030/images/headshots/e5a76dfe_2022.jpg,Crystal Palace,https://cdn.ssref.net/req/202505011/tlogo/fb/47c64c79.png,GK,GK,4,6350511,92238727,23.19511216,360,4,0,33,,,,,,,,,,,,,,,,,,,,,,,,,10,46.9,2.7,137,67.4,1,1,8,8
Iliman Ndiaye,https://fbref.com/req/202302030/images/headshots/5ed97752_2022.jpg,Everton,https://cdn.ssref.net/req/202505011/tlogo/fb/d3fd31cc.png,FW,CAM,1.186,2857730,94368638,17.90588353,61.67715182,1,0,23.5,,,,,,,,,,39,,,,,,,,,,,,,,,,,,,,3,1,64,18
Armando Broja,https://fbref.com/req/202302030/images/headshots/97220da2_2022.jpg,Everton,https://cdn.ssref.net/req/202505011/tlogo/fb/d3fd32cc.png,FW,ST,0.345,2540205,94368638,6.940009306,14.6656051,1,1,3.7,,,,,,,,,,8,,,,,,,0,0,26,0.1,-0.1,,,,,,,,,7,4,120,47
Beto,https://fbref.com/req/202302030/images/headshots/ed5c0319_2022.jpg,Everton,https://cdn.ssref.net/req/202505011/tlogo/fb/d3fd33cc.png,FW,ST,0.811,3175256,94368638,17.47435568,36.92675159,1,1,12.5,,,,,,,,,,8,,,,,,,0,6,58,6.1,-0.1,,,,,,,,,4,2,67,24
Dominic Calvert-Lewin,https://fbref.com/req/202302030/images/headshots/59e6e5bf_2022.jpg,Everton,https://cdn.ssref.net/req/202505011/tlogo/fb/d3fd34cc.png,FW,ST,0.858,6350511,94368638,18.53683267,39.17197452,1,1,17.5,,,,,,,,,,8,,,,,,,1,3,105,6.1,-3.1,,,,,,,,,2,1,60,22
Youssef Chermiti,https://fbref.com/req/202302030/images/headshots/890f108d_2022.jpg,Everton,https://cdn.ssref.net/req/202505011/tlogo/fb/d3fd35cc.png,FW,ST,0.65,1905153,94368638,13.83480683,29.23566879,1,1,0.2,,,,,,,,,,0,,,,,,,0,0,4,0.1,-0.1,,,,,,,,,5,3,86,34
Dwight McNeil,https://fbref.com/req/202302030/images/headshots/fc15fb84_2022.jpg,Everton,https://cdn.ssref.net/req/202505011/tlogo/fb/d3fd36cc.png,FW,LW,1.425,1587628,94368638,31.35437429,84.3588444,1,2,12.9,,,,,,,,,,29,,,,,,,4,3,66,0.9,2.1,,,,,,,,,1,1,17,3
Jack Harrison,https://fbref.com/req/202302030/images/headshots/aa849a12_2022.jpg,Everton,https://cdn.ssref.net/req/202505011/tlogo/fb/d3fd37cc.png,FW,LW,0.624,5715460,94368638,13.24705359,35.6411556,1,2,20.3,,,,,,,,,,29,,,,,,,0,1,114,3.3,-2.3,,,,,,,,,6,2,91,30
Abdoulaye Doucouré,https://fbref.com/req/202302030/images/headshots/02b29014_2022.jpg,Everton,https://cdn.ssref.net/req/202505011/tlogo/fb/d3fd38cc.png,MF,CM,1.253,8255665,94368638,18.6826122,53.07483007,2,1,25.9,,,,,,,,,,22,,74,26,,53,1.2,,,,,,,,,,,,,,2,1,51,20
James Garner,https://fbref.com/req/202302030/images/headshots/4e015693_2022.jpg,Everton,https://cdn.ssref.net/req/202505011/tlogo/fb/d3fd39cc.png,MF,CM,0.779,1905153,94368638,13.18754668,37.46407578,2,1,12.7,,,,,,,,,,12,,33,11,,28,1.2,,,,,,,,,,,,,,4,2,85,42
Orel Mangala,https://fbref.com/req/202302030/images/headshots/a572e291_2022.jpg,Everton,https://cdn.ssref.net/req/202505011/tlogo/fb/d3fd40cc.png,MF,CM,0.536,3175256,94368638,10.37045613,29.46109415,2,1,14,,,,,,,,,,6,,34,8,,24,0.6,,,,,,,,,,,,,,5,3,104,55
Jesper Lindstrøm,https://fbref.com/req/202302030/images/headshots/37dc1a48_2022.jpg,Everton,https://cdn.ssref.net/req/202505011/tlogo/fb/d3fd41cc.png,MF,CAM,1.102,3435334,94368638,16.93207445,58.32284818,2,2,13.8,,,,,,,,,,19,,25,19,,46,2,,,,,,,,,,,,,,3,2,55,20
Idrissa Gana Gueye,https://fbref.com/req/202302030/images/headshots/72c812f3_2022.jpg,Everton,https://cdn.ssref.net/req/202505011/tlogo/fb/d3fd42cc.png,MF,CDM,5.149,7620614,94368638,22.16134018,83.47057736,2,3,29.1,,43,,38,86.6,,,,,,170,122,19,70,,,,,,,,,,,,,,,,1,1,40,15
Tim Iroegbunam,https://fbref.com/req/202302030/images/headshots/84c5ceea_2022.jpg,Everton,https://cdn.ssref.net/req/202505011/tlogo/fb/d3fd43cc.png,MF,CDM,2.766,1270102,94368638,9.698518778,36.52942264,2,3,6.3,,16,,15,72.7,,,,,,47,14,3,13,,,,,,,,,,,,,,,,6,2,109,28
Jake O'Brien,https://fbref.com/req/202302030/images/headshots/25f2ef01_2022.jpg,Everton,https://cdn.ssref.net/req/202505011/tlogo/fb/d3fd44cc.png,DF,CB,0.738,2222679,94368638,11.29704733,11.33420522,3,1,13.5,58.5,14,75,3,75.4,,,,,,,,,,,,,,,,,,,,,,,,,8,5,155,90
James Tarkowski,https://fbref.com/req/202302030/images/headshots/15ea812b_2022.jpg,Everton,https://cdn.ssref.net/req/202505011/tlogo/fb/d3fd45cc.png,DF,CB,1.944,6350511,94368638,19.35481378,19.41847502,3,1,32.5,75.6,57,213,41,81,,,,,,,,,,,,,,,,,,,,,,,,,4,2,56,23
Jarrad Branthwaite,https://fbref.com/req/202302030/images/headshots/c1949191_2022.jpg,Everton,https://cdn.ssref.net/req/202505011/tlogo/fb/d3fd46cc.png,DF,CB,1.211,2222679,94368638,14.45734876,14.50490142,3,1,24.1,58.5,28,172,23,81.2,,,,,,,,,,,,,,,,,,,,,,,,,5,3,104,56
Mason Holgate,https://fbref.com/req/202302030/images/headshots/d0042ab9_2022.jpg,Everton,https://cdn.ssref.net/req/202505011/tlogo/fb/d3fd47cc.png,DF,CB,23.901,4765042,94368638,61.73711031,61.94017407,3,1,0.1,0,0,0,0,100,,,,,,,,,,,,,,,,,,,,,,,,,1,1,2,1
Michael Keane,https://fbref.com/req/202302030/images/headshots/c5b7c315_2022.jpg,Everton,https://cdn.ssref.net/req/202505011/tlogo/fb/d3fd48cc.png,DF,CB,0.957,5080409,94368638,12.76027357,12.80224426,3,1,9.5,60,11,55,10,81.6,,,,,,,,,,,,,,,,,,,,,,,,,7,4,133,77
Ashley Young,https://fbref.com/req/202302030/images/headshots/be927d03_2022.jpg,Everton,https://cdn.ssref.net/req/202505011/tlogo/fb/d3fd49cc.png,DF,LB,1.596,2540205,94368638,23.98891238,54.89070136,3,2,17.6,,,,,,63,19,50,24,,,,,,,,,,,,,,,,,,,,,3,2,32,9
Vitaliy Mykolenko,https://fbref.com/req/202302030/images/headshots/30d4a2e5_2022.jpg,Everton,https://cdn.ssref.net/req/202505011/tlogo/fb/d3fd50cc.png,DF,LB,1.937,3683297,94368638,28.45475138,65.10929864,3,2,29.2,,,,,,80,29,54,23,,,,,,,,,,,,,,,,,,,,,2,1,19,6
Nathan Patterson,https://fbref.com/req/202302030/images/headshots/230f0471_2022.jpg,Everton,https://cdn.ssref.net/req/202505011/tlogo/fb/d3fd51cc.png,DF,RB,0.854,1778143,94368638,14.27145626,78.14201485,3,3,2.3,,,,,,7,4,4,2,,,,,,,,,,,,,,,,,,,,,6,1,106,28
Séamus Coleman,https://fbref.com/req/202302030/images/headshots/0420d84f_2022.jpg,Everton,https://cdn.ssref.net/req/202505011/tlogo/fb/d3fd52cc.png,DF,RB,0.348,3492781,94368638,7.64472743,41.85798515,3,3,2.2,,,,,,3,1,2,1,,,,,,,,,,,,,,,,,,,,,9,2,173,44
Jordan Pickford,https://fbref.com/req/202302030/images/headshots/4806ec67_2022.jpg,Everton,https://cdn.ssref.net/req/202505011/tlogo/fb/d3fd53cc.png,GK,GK,4,7938139,94368638,23.19511216,360,4,0,33,,,,,,,,,,,,,,,,,,,,,,,,,10,50.1,1.9,272,70.8,1,1,8,8
Raúl Jiménez,https://fbref.com/req/202302030/images/headshots/b561db50_2022.jpg,Fulham,https://cdn.ssref.net/req/202505011/tlogo/fb/fd962109.png,FW,ST,1.368,6350511,90383648,30.06583836,74.12912216,1,1,21.8,,,,,,,,,,16,,,,,,,3,10,111,10.4,-0.4,,,,,,,,,1,1,20,10
Rodrigo Muniz,https://fbref.com/req/202302030/images/headshots/a755db8c_2022.jpg,Fulham,https://cdn.ssref.net/req/202505011/tlogo/fb/fd962110.png,FW,ST,0.861,476288,90383648,18.60465036,45.87087784,1,1,10.7,,,,,,,,,,4,,,,,,,1,8,31,5.8,2.2,,,,,,,,,5,2,58,20
Willian,https://fbref.com/req/202302030/images/headshots/8b9ebd03_2022.jpg,Fulham,https://cdn.ssref.net/req/202505011/tlogo/fb/fd962111.png,FW,LW,0.494,6126483,90383648,10.30828744,120,1,2,1.8,,,,,,,,,,5,,,,,,,0,0,17,0.1,-0.1,,,,,,,,,6,1,108,35
Adama Traoré,https://fbref.com/req/202302030/images/headshots/9a28eba4_2022.jpg,Fulham,https://cdn.ssref.net/req/202505011/tlogo/fb/fd962112.png,FW,RW,1.301,4127832,90383648,28.5512435,47.3625,1,3,16.8,,,,,,,,,,39,,,,,,,5,2,138,3.8,-1.8,,,,,,,,,2,1,26,6
Harry Wilson,https://fbref.com/req/202302030/images/headshots/c6dc9ecd_2022.jpg,Fulham,https://cdn.ssref.net/req/202505011/tlogo/fb/fd962113.png,FW,RW,0.932,2222679,90383648,20.20966879,33.525,1,3,9.3,,,,,,,,,,17,,,,,,,1,5,71,3.2,1.8,,,,,,,,,4,3,51,12
Reiss Nelson,https://fbref.com/req/202302030/images/headshots/c5bdb6e3_2022.jpg,Fulham,https://cdn.ssref.net/req/202505011/tlogo/fb/fd962114.png,FW,RW,1.081,6350511,90383648,23.57794693,39.1125,1,3,5.4,,,,,,,,,,25,,,,,,,1,1,63,1.1,-0.1,,,,,,,,,3,2,39,9
Saša Lukić,https://fbref.com/req/202302030/images/headshots/c6e8cf1f_2022.jpg,Fulham,https://cdn.ssref.net/req/202505011/tlogo/fb/fd962115.png,MF,CM,0.626,4000822,90383648,11.413823,56.96253016,2,1,21.8,,,,,,,,,,35,,81,21,,46,1.3,,,,,,,,,,,,,,7,2,98,50
Tom Cairney,https://fbref.com/req/202302030/images/headshots/a8748947_2022.jpg,Fulham,https://cdn.ssref.net/req/202505011/tlogo/fb/fd962116.png,MF,CM,0.731,1905153,90383648,12.63108435,63.03746984,2,1,5.2,,,,,,,,,,15,,47,9,,25,1,,,,,,,,,,,,,,6,1,91,44
Alex Iwobi,https://fbref.com/req/202302030/images/headshots/6ca5ec4b_2022.jpg,Fulham,https://cdn.ssref.net/req/202505011/tlogo/fb/fd962117.png,MF,CAM,1.791,5080409,90383648,24.91962749,54.05805381,2,2,28.4,,,,,,,,,,91,,181,52,,111,6.3,,,,,,,,,,,,,,3,1,31,12
Andreas Pereira,https://fbref.com/req/202302030/images/headshots/6639e500_2022.jpg,Fulham,https://cdn.ssref.net/req/202505011/tlogo/fb/fd962118.png,MF,CAM,1.149,3175256,90383648,17.47694381,37.91266822,2,2,19.4,,,,,,,,,,33,,97,53,,95,4,,,,,,,,,,,,,,4,2,54,19
Emile Smith Rowe,https://fbref.com/req/202302030/images/headshots/17695062_2022.jpg,Fulham,https://cdn.ssref.net/req/202505011/tlogo/fb/fd962119.png,MF,CAM,0.756,3810307,90383648,12.92090848,28.02927797,2,2,20.3,,,,,,,,,,38,,116,18,,63,1.7,,,,,,,,,,,,,,5,3,88,27
Harrison Reed,https://fbref.com/req/202302030/images/headshots/803ae100_2022.jpg,Fulham,https://cdn.ssref.net/req/202505011/tlogo/fb/fd962120.png,MF,CDM,8.047,3175256,90383648,37.07174884,71.7218699,2,3,1,,1,,1,72.2,,,,,,10,4,1,3,,,,,,,,,,,,,,,,1,1,6,4
Sander Berge,https://fbref.com/req/202302030/images/headshots/d0b6129f_2022.jpg,Fulham,https://cdn.ssref.net/req/202505011/tlogo/fb/fd962121.png,MF,CDM,5.683,3492781,90383648,24.95409999,48.2781301,2,3,20.9,,25,,20,90.9,,,,,,112,99,17,28,,,,,,,,,,,,,,,,2,2,30,12
Calvin Bassey,https://fbref.com/req/202302030/images/headshots/a36524bf_2022.jpg,Fulham,https://cdn.ssref.net/req/202505011/tlogo/fb/fd962122.png,DF,CB,2.375,2857730,90383648,22.23449648,39.86821695,3,1,29.2,55.9,37,93,16,89.4,,,,,,,,,,,,,,,,,,,,,,,,,3,2,38,13
Issa Diop,https://fbref.com/req/202302030/images/headshots/a712ca2b_2022.jpg,Fulham,https://cdn.ssref.net/req/202505011/tlogo/fb/fd962123.png,DF,CB,1.562,4445358,90383648,16.8025196,30.12825125,3,1,14.9,62.5,10,72,9,87.5,,,,,,,,,,,,,,,,,,,,,,,,,4,3,76,37
Jorge Cuenca,https://fbref.com/req/202302030/images/headshots/0abc51f2_2022.jpg,Fulham,https://cdn.ssref.net/req/202505011/tlogo/fb/fd962124.png,DF,CB,3.221,1587628,90383648,27.88695952,50.0035318,3,1,2.9,66.7,3,21,2,83.6,,,,,,,,,,,,,,,,,,,,,,,,,2,1,24,8
Antonee Robinson,https://fbref.com/req/202302030/images/headshots/289601e6_2022.jpg,Fulham,https://cdn.ssref.net/req/202505011/tlogo/fb/fd962125.png,DF,LB,2.405,3175256,90383648,34.58382074,94.43935521,3,2,31.2,,,,,,152,109,83,55,,,,,,,,,,,,,,,,,,,,,1,1,10,3
Ryan Sessegnon,https://fbref.com/req/202302030/images/headshots/6aa3e78b_2022.jpg,Fulham,https://cdn.ssref.net/req/202505011/tlogo/fb/fd962126.png,DF,LB,0.479,2857730,90383648,9.360342998,25.56064479,3,2,2.7,,,,,,3,7,7,3,,,,,,,,,,,,,,,,,,,,,7,2,166,32
Kenny Tete,https://fbref.com/req/202302030/images/headshots/77d7c96f_2022.jpg,Fulham,https://cdn.ssref.net/req/202505011/tlogo/fb/fd962127.png,DF,RB,0.711,3175256,90383648,12.39868507,61.76138312,3,3,14.1,,,,,,19,33,41,17,,,,,,,,,,,,,,,,,,,,,5,1,139,34
Timothy Castagne,https://fbref.com/req/202302030/images/headshots/197640fd_2022.jpg,Fulham,https://cdn.ssref.net/req/202505011/tlogo/fb/fd962128.png,DF,RB,0.657,4127832,90383648,11.69148476,58.23861688,3,3,17.9,,,,,,37,17,46,15,,,,,,,,,,,,,,,,,,,,,6,2,149,36
Bernd Leno,https://fbref.com/req/202302030/images/headshots/2628fd2b_2022.jpg,Fulham,https://cdn.ssref.net/req/202505011/tlogo/fb/fd962129.png,GK,GK,3.953,8255665,90383648,22.93473246,360,4,0,32,,,,,,,,,,,,,,,,,,,,,,,,,5,23.5,-2.2,115,68.2,1,1,10,10
Conor Chaplin,https://fbref.com/req/202302030/images/headshots/4ec55b87_2022.jpg,Ipswich Town,https://cdn.ssref.net/req/202505011/tlogo/fb/b74092de.png,FW,CAM,1.397,952577,45209002,20.35199919,39.24734176,1,0,6.9,,,,,,,,,,7,,,,,,,,,,,,,,,,,,,,4,2,50,17
Julio Enciso,https://fbref.com/req/202302030/images/headshots/9cfbad36_2022.jpg,Ipswich Town,https://cdn.ssref.net/req/202505011/tlogo/fb/b74093de.png,FW,CAM,2.152,1030600,45209002,29.10468794,56.12626177,1,0,4.45,,,,,,,,,,11.5,,,,,,,,,,,,,,,,,,,,2,1,23,5
Ali Al Hamadi,https://fbref.com/req/202302030/images/headshots/8450467d_2022.jpg,Ipswich Town,https://cdn.ssref.net/req/202505011/tlogo/fb/b74094de.png,FW,ST,0.543,635051,45209002,11.41597622,20.31511901,1,1,1.5,,,,,,,,,,3,,,,,,,0,0,14,0.4,-0.4,,,,,,,,,7,3,104,39
George Hirst,https://fbref.com/req/202302030/images/headshots/78e87179_2022.jpg,Ipswich Town,https://cdn.ssref.net/req/202505011/tlogo/fb/b74095de.png,FW,ST,0.812,1746391,45209002,17.49696157,31.13643983,1,1,4.1,,,,,,,,,,1,,,,,,,1,2,23,1.2,0.8,,,,,,,,,5,2,66,23
Liam Delap,https://fbref.com/req/202302030/images/headshots/dd897ee7_2022.jpg,Ipswich Town,https://cdn.ssref.net/req/202505011/tlogo/fb/b74096de.png,FW,ST,1.742,1270102,45209002,38.52044253,68.54844117,1,1,26,,,,,,,,,,42,,,,,,,2,12,101,9,3,,,,,,,,,1,1,8,3
Jack Clarke,https://fbref.com/req/202302030/images/headshots/e16932d8_2022.jpg,Ipswich Town,https://cdn.ssref.net/req/202505011/tlogo/fb/b74097de.png,FW,LW,0.75,1587628,45209002,16.09539618,72.65306122,1,2,10.7,,,,,,,,,,17,,,,,,,4,0,47,1,-1,,,,,,,,,6,1,74,25
Nathan Broadhead,0,Ipswich Town,https://cdn.ssref.net/req/202505011/tlogo/fb/b74098de.png,FW,LW,0.502,381031,45209002,10.48913459,47.34693878,1,2,6.7,,,,,,,,,,14,,,,,,,0,1,27,1.5,-0.5,,,,,,,,,8,2,106,33
Chiedozie Ogbene,https://fbref.com/req/202302030/images/headshots/788c0277_2022.jpg,Ipswich Town,https://cdn.ssref.net/req/202505011/tlogo/fb/b74099de.png,FW,RW,0.204,1587628,45209002,3.752578322,18.1255687,1,3,2.6,,,,,,,,,,2,,,,,,,0,0,15,0,0,,,,,,,,,9,2,131,31
Omari Hutchinson,https://fbref.com/req/202302030/images/headshots/bd9553e6_2022.jpg,Ipswich Town,https://cdn.ssref.net/req/202505011/tlogo/fb/b74100de.png,FW,RW,0.971,381031,45209002,21.09129864,101.8744313,1,3,24.7,,,,,,,,,,35,,,,,,,2,3,131,2.3,0.7,,,,,,,,,3,1,48,11
Jack Taylor,https://fbref.com/req/202302030/images/headshots/48eed8d5_2022.jpg,Ipswich Town,https://cdn.ssref.net/req/202505011/tlogo/fb/b74101de.png,MF,CM,1.686,635051,45209002,23.70236614,56.47086227,2,1,6.2,,,,,,,,,,8,,37,5,,18,0.7,,,,,,,,,,,,,,1,1,35,12
Jens Cajuste,https://fbref.com/req/202302030/images/headshots/928a4a61_2022.jpg,Ipswich Town,https://cdn.ssref.net/req/202505011/tlogo/fb/b74102de.png,MF,CM,1.414,2404734,45209002,20.5490796,48.95816042,2,1,18.8,,,,,,,,,,20,,45,11,,30,0.6,,,,,,,,,,,,,,2,2,46,17
Massimo Luongo,https://fbref.com/req/202302030/images/headshots/967ac6e1_2022.jpg,Ipswich Town,https://cdn.ssref.net/req/202505011/tlogo/fb/b74103de.png,MF,CM,0.169,635051,45209002,6.115837892,14.57097731,2,1,2,,,,,,,,,,0,,5,0,,0,0,,,,,,,,,,,,,,6,3,124,64
Sammie Szmodics,https://fbref.com/req/202302030/images/headshots/39944392_2022.jpg,Ipswich Town,https://cdn.ssref.net/req/202505011/tlogo/fb/b74104de.png,MF,CAM,0.743,1587628,45209002,12.77019993,24.62639647,2,2,10.9,,,,,,,,,,8,,18,4,,9,0.5,,,,,,,,,,,,,,4,3,89,28
Kalvin Phillips,https://fbref.com/req/202302030/images/headshots/4f565d77_2022.jpg,Ipswich Town,https://cdn.ssref.net/req/202505011/tlogo/fb/b74105de.png,MF,CDM,2.809,10306004,45209002,9.923403932,46.30839771,2,3,13.5,,35,,19,79.3,,,,,,68,49,5,19,,,,,,,,,,,,,,,,5,2,107,27
Sam Morsy,https://fbref.com/req/202302030/images/headshots/a23c0949_2022.jpg,Ipswich Town,https://cdn.ssref.net/req/202505011/tlogo/fb/b74106de.png,MF,CDM,3.931,1905153,45209002,15.79133747,73.69160229,2,3,24.9,,27,,26,86.6,,,,,,127,100,16,32,,,,,,,,,,,,,,,,3,1,63,20
Axel Tuanzebe,https://fbref.com/req/202302030/images/headshots/2baec6ce_2022.jpg,Ipswich Town,https://cdn.ssref.net/req/202505011/tlogo/fb/b74107de.png,DF,CB,0.668,2540205,45209002,10.82934944,13.85324342,3,1,15.1,42.9,13,48,21,83,,,,,,,,,,,,,,,,,,,,,,,,,10,6,161,94
Ben Godfrey,https://fbref.com/req/202302030/images/headshots/9f7c837d_2022.jpg,Ipswich Town,https://cdn.ssref.net/req/202505011/tlogo/fb/b74108de.png,DF,CB,3.82,5153002,45209002,31.88911715,40.79355872,3,1,1.2,100,1,1,2,83.6,,,,,,,,,,,,,,,,,,,,,,,,,2,1,13,7
Cameron Burgess,https://fbref.com/req/202302030/images/headshots/da61ca98_2022.jpg,Ipswich Town,https://cdn.ssref.net/req/202505011/tlogo/fb/b74109de.png,DF,CB,0.777,508041,45209002,11.55762186,14.78487234,3,1,13.5,66.7,16,96,11,80.6,,,,,,,,,,,,,,,,,,,,,,,,,9,5,151,87
Dara O'Shea,https://fbref.com/req/202302030/images/headshots/1d042188_2022.jpg,Ipswich Town,https://cdn.ssref.net/req/202505011/tlogo/fb/b74110de.png,DF,CB,1.353,2222679,45209002,15.40610733,19.70797564,3,1,28.7,57.7,56,183,31,77.5,,,,,,,,,,,,,,,,,,,,,,,,,4,2,96,51
Jacob Greaves,0,Ipswich Town,https://cdn.ssref.net/req/202505011/tlogo/fb/b74111de.png,DF,CB,0.853,1587628,45209002,12.06540814,15.43444847,3,1,18.5,60,27,104,17,87.4,,,,,,,,,,,,,,,,,,,,,,,,,6,3,143,82
Luke Woolfenden,0,Ipswich Town,https://cdn.ssref.net/req/202505011/tlogo/fb/b74112de.png,DF,CB,0.852,476288,45209002,12.05872674,15.42590142,3,1,11.2,57.7,17,60,18,87.9,,,,,,,,,,,,,,,,,,,,,,,,,7,4,144,83
Conor Townsend,https://fbref.com/req/202302030/images/headshots/4dc4f138_2022.jpg,Ipswich Town,https://cdn.ssref.net/req/202505011/tlogo/fb/b74113de.png,DF,LB,0.684,952577,45209002,12.04508492,31.52048008,3,2,3.7,,,,,,12,2,11,2,,,,,,,,,,,,,,,,,,,,,8,2,145,27
Leif Davis,https://fbref.com/req/202302030/images/headshots/8574c61f_2022.jpg,Ipswich Town,https://cdn.ssref.net/req/202505011/tlogo/fb/b74114de.png,DF,LB,2.346,1587628,45209002,33.81113892,88.47951992,3,2,28.1,,,,,,148,47,45,27,,,,,,,,,,,,,,,,,,,,,1,1,11,4
Ben Johnson,https://fbref.com/req/202302030/images/headshots/9319781b_2022.jpg,Ipswich Town,https://cdn.ssref.net/req/202505011/tlogo/fb/b74115de.png,DF,RB,0.996,1905153,45209002,16.13113115,67.17121637,3,3,13.6,,,,,,34,15,34,11,,,,,,,,,,,,,,,,,,,,,3,1,87,23
Harry Clarke,0,Ipswich Town,https://cdn.ssref.net/req/202505011/tlogo/fb/b74116de.png,DF,RB,0.733,635051,45209002,12.68680372,52.82878363,3,3,4.2,,,,,,5,5,5,7,,,,,,,,,,,,,,,,,,,,,5,2,135,33
Arijanet Muric,https://fbref.com/req/202302030/images/headshots/99aa1a84_2022.jpg,Ipswich Town,https://cdn.ssref.net/req/202505011/tlogo/fb/b74117de.png,GK,GK,1.508,2222679,45209002,9.389447771,102.4155733,4,0,18,,,,,,,,,,,,,,,,,,,,,,,,,1,29.6,-1.6,76,70,2,2,38,38
Alex Palmer,https://fbref.com/req/202302030/images/headshots/6ea97fd5_2022.jpg,Ipswich Town,https://cdn.ssref.net/req/202505011/tlogo/fb/b74118de.png,GK,GK,1.316,824480,45209002,8.325768973,90.8134774,4,0,8,,,,,,,,,,,,,,,,,,,,,,,,,0,38.1,1.2,41,63.3,3,3,42,42
Christian Walton,https://fbref.com/req/202302030/images/headshots/c666574f_2022.jpg,Ipswich Town,https://cdn.ssref.net/req/202505011/tlogo/fb/b74119de.png,GK,GK,2.573,1270102,45209002,15.2895411,166.7709493,4,0,6,,,,,,,,,,,,,,,,,,,,,,,,,1,45.5,-1,38,57.6,1,1,19,19
Jamie Vardy,https://fbref.com/req/202302030/images/headshots/45963054_2022.jpg,Leicester City,https://cdn.ssref.net/req/202505011/tlogo/fb/a2d435b3.png,FW,ST,2.501,8890716,86433015,55.67831571,95.86766137,1,1,26.9,,,,,,,,,,11,,,,,,,3,7,104,9.4,-2.4,,,,,,,,,1,1,1,1
Patson Daka,https://fbref.com/req/202302030/images/headshots/ca45605e_2022.jpg,Leicester City,https://cdn.ssref.net/req/202505011/tlogo/fb/a2d435b4.png,FW,ST,0.658,4762884,86433015,14.01565397,24.13233863,1,1,6.9,,,,,,,,,,6,,,,,,,0,1,33,1.3,-0.3,,,,,,,,,3,2,83,33
Stephy Mavididi,https://fbref.com/req/202302030/images/headshots/30144daa_2022.jpg,Leicester City,https://cdn.ssref.net/req/202505011/tlogo/fb/a2d435b5.png,FW,LW,1.808,635051,86433015,40.01243151,120,1,2,17,,,,,,,,,,39,,,,,,,1,4,134,1.8,2.2,,,,,,,,,2,1,6,1
Harry Winks,https://fbref.com/req/202302030/images/headshots/2f7acede_2022.jpg,Leicester City,https://cdn.ssref.net/req/202505011/tlogo/fb/a2d435b6.png,MF,CM,1.26,5715460,86433015,18.76376295,120,2,1,17.1,,,,,,,,,,13,,101,17,,39,1.5,,,,,,,,,,,,,,3,1,50,19
Bilal El Khannouss,https://fbref.com/req/202302030/images/headshots/f7042636_2022.jpg,Leicester City,https://cdn.ssref.net/req/202505011/tlogo/fb/a2d435b7.png,MF,CAM,1.932,2222679,86433015,26.55423559,66.02436457,2,2,19.4,,,,,,,,,,37,,110,29,,55,2.2,,,,,,,,,,,,,,1,1,22,8
Facundo Buonanotte,https://fbref.com/req/202302030/images/headshots/468a7a91_2022.jpg,Leicester City,https://cdn.ssref.net/req/202505011/tlogo/fb/a2d435b8.png,MF,CAM,1.514,1587628,86433015,21.70837612,53.97563543,2,2,15.5,,,,,,,,,,26,,49,23,,46,2.2,,,,,,,,,,,,,,2,2,41,16
Boubakary Soumaré,https://fbref.com/req/202302030/images/headshots/ae59b359_2022.jpg,Leicester City,https://cdn.ssref.net/req/202505011/tlogo/fb/a2d435b9.png,MF,CDM,2.236,5080409,86433015,6.926678516,26.58290636,2,3,20.2,,15,,24,86.9,,,,,,126,93,11,17,,,,,,,,,,,,,,,,6,3,120,35
Hamza Choudhury,https://fbref.com/req/202302030/images/headshots/7d2d3329_2022.jpg,Leicester City,https://cdn.ssref.net/req/202505011/tlogo/fb/a2d435b10.png,MF,CDM,3.269,3175256,86433015,12.32915208,47.31628509,2,3,1.5,,4,,5,85.7,,,,,,2,3,2,1,,,,,,,,,,,,,,,,4,1,94,26
Oliver Skipp,https://fbref.com/req/202302030/images/headshots/6250083a_2022.jpg,Leicester City,https://cdn.ssref.net/req/202505011/tlogo/fb/a2d435b11.png,MF,CDM,1.441,3175256,86433015,2.768918123,10.62643387,2,3,9.5,,14,,8,84.2,,,,,,35,25,9,4,,,,,,,,,,,,,,,,7,4,126,38
Wilfred Ndidi,https://fbref.com/req/202302030/images/headshots/6b47c5db_2022.jpg,Leicester City,https://cdn.ssref.net/req/202505011/tlogo/fb/a2d435b12.png,MF,CDM,2.679,4762884,86433015,9.243518584,35.47437468,2,3,20.9,,41,,23,79.3,,,,,,107,58,14,39,,,,,,,,,,,,,,,,5,2,112,30
Caleb Okoli,https://fbref.com/req/202302030/images/headshots/8ec109e6_2022.jpg,Leicester City,https://cdn.ssref.net/req/202505011/tlogo/fb/a2d435b13.png,DF,CB,1.228,1587628,86433015,14.57093254,29.89718144,3,1,12.5,52.3,24,79,15,86.4,,,,,,,,,,,,,,,,,,,,,,,,,6,2,102,55
Conor Coady,https://fbref.com/req/202302030/images/headshots/2928dca2_2022.jpg,Leicester City,https://cdn.ssref.net/req/202505011/tlogo/fb/a2d435b14.png,DF,CB,1.008,4762884,86433015,13.10102489,26.88117025,3,1,13,44.4,23,46,11,90.7,,,,,,,,,,,,,,,,,,,,,,,,,8,4,125,70
Jannik Vestergaard,https://fbref.com/req/202302030/images/headshots/1900032e_2022.jpg,Leicester City,https://cdn.ssref.net/req/202505011/tlogo/fb/a2d435b15.png,DF,CB,1.135,3810307,86433015,13.94956249,28.62223125,3,1,15.5,57.8,21,74,16,90.7,,,,,,,,,,,,,,,,,,,,,,,,,7,3,111,61
Wout Faes,https://fbref.com/req/202302030/images/headshots/9c221d14_2022.jpg,Leicester City,https://cdn.ssref.net/req/202505011/tlogo/fb/a2d435b16.png,DF,CB,1.571,3175256,86433015,16.86265218,34.59941706,3,1,25.3,57.1,42,146,25,86.9,,,,,,,,,,,,,,,,,,,,,,,,,4,1,75,36
James Justin,https://fbref.com/req/202302030/images/headshots/fb614c44_2022.jpg,Leicester City,https://cdn.ssref.net/req/202505011/tlogo/fb/a2d435b17.png,DF,LB,2.756,1905153,86433015,39.18062275,85.95976226,3,2,28.1,,,,,,52,36,47,25,,,,,,,,,,,,,,,,,,,,,1,1,9,2
Luke Thomas,https://fbref.com/req/202302030/images/headshots/fc027d02_2022.jpg,Leicester City,https://cdn.ssref.net/req/202505011/tlogo/fb/a2d435b18.png,DF,LB,0.949,952577,86433015,15.51560496,34.04023774,3,2,6.7,,,,,,17,2,19,2,,,,,,,,,,,,,,,,,,,,,5,2,94,21
Ricardo Pereira,https://fbref.com/req/202302030/images/headshots/75a72a99_2022.jpg,Leicester City,https://cdn.ssref.net/req/202505011/tlogo/fb/a2d435b19.png,DF,RB,1.165,5080409,86433015,18.3444062,47.44941203,3,3,2.4,,,,,,3,3,6,3,,,,,,,,,,,,,,,,,,,,,3,2,63,21
Woyo Coulibaly,0,Leicester City,https://cdn.ssref.net/req/202505011/tlogo/fb/a2d435b20.png,DF,RB,1.906,1030600,86433015,28.04876602,72.55058797,3,3,1.2,,,,,,0,4,6,2,,,,,,,,,,,,,,,,,,,,,2,1,21,8
Mads Hermansen,https://fbref.com/req/202302030/images/headshots/c924b17d_2022.jpg,Leicester City,https://cdn.ssref.net/req/202505011/tlogo/fb/a2d435b21.png,GK,GK,2.18,635051,86433015,13.11232356,99.11719003,4,0,24.5,,,,,,,,,,,,,,,,,,,,,,,,,1,39.9,3.1,108,64.1,2,2,26,26
Jakub Stolarczyk,https://fbref.com/req/202302030/images/headshots/a4a76b3d_2022.jpg,Leicester City,https://cdn.ssref.net/req/202505011/tlogo/fb/a2d435b22.png,GK,GK,1.85,635051,86433015,11.28412563,85.29768344,4,0,6,,,,,,,,,,,,,,,,,,,,,,,,,0,49.7,-1.1,48,58.6,3,3,35,35
Danny Ward,https://fbref.com/req/202302030/images/headshots/d3ce0e89_2022.jpg,Leicester City,https://cdn.ssref.net/req/202505011/tlogo/fb/a2d435b23.png,GK,GK,4.006,2540205,86433015,23.22835212,175.5851265,4,0,1.5,,,,,,,,,,,,,,,,,,,,,,,,,0,37,-3.2,10,40,1,1,7,7
Darwin Núñez,https://fbref.com/req/202302030/images/headshots/4d77b365_2022.jpg,Liverpool,https://cdn.ssref.net/req/202505011/tlogo/fb/822bd0ba.png,FW,ST,0.466,8890716,170186475,9.675322421,51.87878788,1,1,11.2,,,,,,,,,,16,,,,,,,2,5,67,5,0,,,,,,,,,5,2,110,42
Diogo Jota,https://fbref.com/req/202302030/images/headshots/178ae8f8_2022.jpg,Liverpool,https://cdn.ssref.net/req/202505011/tlogo/fb/822bd1ba.png,FW,ST,0.6,8890716,170186475,12.70451215,68.12121212,1,1,11.6,,,,,,,,,,21,,,,,,,3,6,83,6.8,-0.8,,,,,,,,,4,1,96,37
Cody Gakpo,https://fbref.com/req/202302030/images/headshots/1971591f_2022.jpg,Liverpool,https://cdn.ssref.net/req/202505011/tlogo/fb/822bd2ba.png,FW,LW,0.694,7620614,170186475,14.82946614,48.98568762,1,2,16.7,,,,,,,,,,27,,,,,,,3,8,219,6,2,,,,,,,,,3,2,81,27
Luis Díaz,https://fbref.com/req/202302030/images/headshots/4a1a9578_2022.jpg,Liverpool,https://cdn.ssref.net/req/202505011/tlogo/fb/822bd3ba.png,FW,LW,0.989,3492781,170186475,21.49820472,71.01431238,1,2,22.9,,,,,,,,,,48,,,,,,,5,11,259,9.1,1.9,,,,,,,,,2,1,46,16
Federico Chiesa,https://fbref.com/req/202302030/images/headshots/b0f7e36c_2022.jpg,Liverpool,https://cdn.ssref.net/req/202505011/tlogo/fb/822bd4ba.png,FW,RW,0.25,9525767,170186475,4.792449423,10.79796265,1,3,0.4,,,,,,,,,,0,,,,,,,0,0,6,0.2,-0.2,,,,,,,,,6,2,130,30
Mohamed Salah,https://fbref.com/req/202302030/images/headshots/e342ad68_2022.jpg,Liverpool,https://cdn.ssref.net/req/202505011/tlogo/fb/822bd5ba.png,FW,RW,2.182,22226790,170186475,48.46703568,109.2020374,1,3,31.5,,,,,,,,,,54,,,,,,,18,27,398,22.6,4.4,,,,,,,,,1,1,3,2
Alexis Mac Allister,https://fbref.com/req/202302030/images/headshots/83d074ff_2022.jpg,Liverpool,https://cdn.ssref.net/req/202505011/tlogo/fb/822bd6ba.png,MF,CM,1.998,9525767,170186475,27.31937129,79.38746902,2,1,26.5,,,,,,,,,,38,,158,38,,108,4.7,,,,,,,,,,,,,,1,1,17,6
Curtis Jones,https://fbref.com/req/202302030/images/headshots/4fb9c88f_2022.jpg,Liverpool,https://cdn.ssref.net/req/202505011/tlogo/fb/822bd7ba.png,MF,CM,0.847,952577,170186475,13.97586832,40.61253098,2,1,15.7,,,,,,,,,,14,,83,19,,40,1.4,,,,,,,,,,,,,,5,2,72,33
Dominik Szoboszlai,https://fbref.com/req/202302030/images/headshots/934e1968_2022.jpg,Liverpool,https://cdn.ssref.net/req/202505011/tlogo/fb/822bd8ba.png,MF,CAM,1.826,7620614,170186475,25.32538127,120,2,2,23.6,,,,,,,,,,44,,106,41,,95,4.3,,,,,,,,,,,,,,3,1,28,11
Ryan Gravenberch,https://fbref.com/req/202302030/images/headshots/b8e740fb_2022.jpg,Liverpool,https://cdn.ssref.net/req/202505011/tlogo/fb/822bd9ba.png,MF,CDM,5.875,9525767,170186475,25.95823835,62.17979498,2,3,30.5,,32,,54,89,,,,,,171,153,24,30,,,,,,,,,,,,,,,,2,1,25,10
Wataru Endo,https://fbref.com/req/202302030/images/headshots/c149016b_2022.jpg,Liverpool,https://cdn.ssref.net/req/202505011/tlogo/fb/822bd10ba.png,MF,CDM,5.527,3175256,170186475,24.13823758,57.82020502,2,3,1.7,,3,,3,93.1,,,,,,7,9,1,6,,,,,,,,,,,,,,,,4,2,33,13
Ibrahima Konaté,https://fbref.com/req/202302030/images/headshots/5ed9b537_2022.jpg,Liverpool,https://cdn.ssref.net/req/202505011/tlogo/fb/822bd11ba.png,DF,CB,1.349,4445358,170186475,15.37938174,26.30080437,3,1,23.8,70.5,27,109,11,90.4,,,,,,,,,,,,,,,,,,,,,,,,,6,4,97,52
Jarell Quansah,https://fbref.com/req/202302030/images/headshots/4125cb98_2022.jpg,Liverpool,https://cdn.ssref.net/req/202505011/tlogo/fb/822bd12ba.png,DF,CB,1.746,1905153,170186475,18.0318969,30.83696086,3,1,3.5,38.5,5,15,5,90.4,,,,,,,,,,,,,,,,,,,,,,,,,4,2,67,29
Joe Gomez,https://fbref.com/req/202302030/images/headshots/7a11550b_2022.jpg,Liverpool,https://cdn.ssref.net/req/202505011/tlogo/fb/822bd13ba.png,DF,CB,1.512,5397935,170186475,16.46844968,28.16325653,3,1,5.8,69.2,9,20,7,88.7,,,,,,,,,,,,,,,,,,,,,,,,,5,3,81,41
Virgil van Dijk,https://fbref.com/req/202302030/images/headshots/e06683ca_2022.jpg,Liverpool,https://cdn.ssref.net/req/202505011/tlogo/fb/822bd14ba.png,DF,CB,2.084,13971125,170186475,20.29020955,34.69897823,3,1,32,70.3,22,165,51,91.7,,,,,,,,,,,,,,,,,,,,,,,,,3,1,48,18
Andrew Robertson,https://fbref.com/req/202302030/images/headshots/2e4f5f03_2022.jpg,Liverpool,https://cdn.ssref.net/req/202505011/tlogo/fb/822bd15ba.png,DF,LB,1.449,10160818,170186475,22.06375598,75.64848303,3,2,24.6,,,,,,131,57,38,48,,,,,,,,,,,,,,,,,,,,,2,1,40,10
Kostas Tsimikas,https://fbref.com/req/202302030/images/headshots/f315ca93_2022.jpg,Liverpool,https://cdn.ssref.net/req/202505011/tlogo/fb/822bd16ba.png,DF,LB,0.752,4762884,170186475,12.93563346,44.35151697,3,2,6.4,,,,,,42,13,24,5,,,,,,,,,,,,,,,,,,,,,8,2,128,25
Conor Bradley,https://fbref.com/req/202302030/images/headshots/bbd67769_2022.jpg,Liverpool,https://cdn.ssref.net/req/202505011/tlogo/fb/822bd17ba.png,DF,RB,0.766,635051,170186475,13.11898168,44.18651832,3,3,5.1,,,,,,5,21,11,13,,,,,,,,,,,,,,,,,,,,,7,2,123,31
Trent Alexander-Arnold,https://fbref.com/req/202302030/images/headshots/cd1acf9d_2022.jpg,Liverpool,https://cdn.ssref.net/req/202505011/tlogo/fb/822bd18ba.png,DF,RB,1.483,11430921,170186475,22.50903025,75.81348168,3,3,23.8,,,,,,140,48,67,35,,,,,,,,,,,,,,,,,,,,,1,1,37,16
Alisson,https://fbref.com/req/202302030/images/headshots/7a2e46a8_2022.jpg,Liverpool,https://cdn.ssref.net/req/202505011/tlogo/fb/822bd19ba.png,GK,GK,1.544,9525767,170186475,9.588887545,46.27748987,4,0,21.9,,,,,,,,,,,,,,,,,,,,,,,,,8,21,0.3,54,72.1,2,2,37,37
Vitezslav Jaros,https://fbref.com/req/202302030/images/headshots/12bb4d6a_2022.jpg,Liverpool,https://cdn.ssref.net/req/202505011/tlogo/fb/822bd20ba.png,GK,GK,118.402,444536,170186475,56.43507458,272.3646075,4,0,0.1,,,,,,,,,,,,,,,,,,,,,,,,,1,85.7,0,5,100,1,1,1,1
Caoimhín Kelleher,https://fbref.com/req/202302030/images/headshots/62d7ef38_2022.jpg,Liverpool,https://cdn.ssref.net/req/202505011/tlogo/fb/822bd21ba.png,GK,GK,1.36,635051,170186475,8.569528698,41.35790264,4,0,10,,,,,,,,,,,,,,,,,,,,,,,,,4,28.6,-0.4,29,67.6,3,3,40,40
Erling Haaland,https://fbref.com/req/202302030/images/headshots/1f44ac21_2022.jpg,Manchester City,https://cdn.ssref.net/req/202505011/tlogo/fb/b8fd03ef.png,FW,ST,1.687,23814418,266719370,37.27711839,120,1,1,27.6,,,,,,,,,,14,,,,,,,3,21,103,20.8,0.2,,,,,,,,,1,1,10,5
Omar Marmoush,https://fbref.com/req/202302030/images/headshots/0e0102eb_2022.jpg,Manchester City,https://cdn.ssref.net/req/202505011/tlogo/fb/b8fd04ef.png,FW,LW,0.648,20268474,266719370,13.78959504,39.93453355,1,2,9.2,,,,,,,,,,13,,,,,,,0,6,61,4.4,1.6,,,,,,,,,4,2,87,29
Sávio,https://fbref.com/req/202302030/images/headshots/fe6e7156_2022.jpg,Manchester City,https://cdn.ssref.net/req/202505011/tlogo/fb/b8fd05ef.png,FW,LW,1.261,2540205,266719370,27.64700776,80.06546645,1,2,19.3,,,,,,,,,,44,,,,,,,8,1,239,4.9,-3.9,,,,,,,,,2,1,29,8
Jeremy Doku,https://fbref.com/req/202302030/images/headshots/fffea3e5_2022.jpg,Manchester City,https://cdn.ssref.net/req/202505011/tlogo/fb/b8fd06ef.png,FW,RW,1.25,3175256,266719370,27.39834293,111.9630485,1,3,14.3,,,,,,,,,,80,,,,,,,4,3,231,1,2,,,,,,,,,3,1,32,7
Nicolás González,https://fbref.com/req/202302030/images/headshots/2c56a792_2022.jpg,Manchester City,https://cdn.ssref.net/req/202505011/tlogo/fb/b8fd07ef.png,FW,RW,0.125,4122401,266719370,1.966712735,8.036951501,1,3,7.2,,,,,,,,,,9,,,,,,,0,0,10,0.3,-0.3,,,,,,,,,5,2,135,32
Bernardo Silva,https://fbref.com/req/202302030/images/headshots/3eb22ec9_2022.jpg,Manchester City,https://cdn.ssref.net/req/202505011/tlogo/fb/b8fd08ef.png,MF,CM,0.838,19051534,266719370,13.87153163,33.07519414,2,1,24.7,,,,,,,,,,56,,105,42,,78,3.6,,,,,,,,,,,,,,3,1,73,34
Mateo Kovačić,https://fbref.com/req/202302030/images/headshots/79c0821a_2022.jpg,Manchester City,https://cdn.ssref.net/req/202505011/tlogo/fb/b8fd09ef.png,MF,CM,0.78,9525767,266719370,13.19913965,31.47194686,2,1,20.8,,,,,,,,,,66,,136,28,,58,2.9,,,,,,,,,,,,,,6,3,84,41
Matheus Nunes,https://fbref.com/req/202302030/images/headshots/e6af02e0_2022.jpg,Manchester City,https://cdn.ssref.net/req/202505011/tlogo/fb/b8fd10ef.png,MF,CM,0.494,8255665,266719370,9.883551591,23.56627923,2,1,14.6,,,,,,,,,,24,,63,21,,36,3,,,,,,,,,,,,,,7,4,108,57
İlkay Gündoğan,https://fbref.com/req/202302030/images/headshots/819b3158_2022.jpg,Manchester City,https://cdn.ssref.net/req/202505011/tlogo/fb/b8fd11ef.png,MF,CM,0.795,14606176,266719370,13.37303412,31.88657978,2,1,20.9,,,,,,,,,,52,,113,36,,72,3.7,,,,,,,,,,,,,,5,2,83,40
Kevin De Bruyne,https://fbref.com/req/202302030/images/headshots/e46012d4_2022.jpg,Manchester City,https://cdn.ssref.net/req/202505011/tlogo/fb/b8fd12ef.png,MF,CAM,0.976,25402046,266719370,15.47136083,64.03023529,2,2,15.2,,,,,,,,,,42,,124,45,,93,5.2,,,,,,,,,,,,,,2,1,64,21
Phil Foden,https://fbref.com/req/202302030/images/headshots/ed1e53f3_2022.jpg,Manchester City,https://cdn.ssref.net/req/202505011/tlogo/fb/b8fd13ef.png,MF,CAM,0.808,14288651,266719370,13.52374267,55.96976471,2,2,18.7,,,,,,,,,,30,,95,42,,84,5.1,,,,,,,,,,,,,,4,2,80,24
Rodri,https://fbref.com/req/202302030/images/headshots/6434f10d_2022.jpg,Manchester City,https://cdn.ssref.net/req/202505011/tlogo/fb/b8fd14ef.png,MF,CDM,100.103,13971125,266719370,45.79708986,120,2,3,0.7,,1,,1,93.4,,,,,,7,4,1,1,,,,,,,,,,,,,,,,1,1,2,1
Abdukodir Khusanov,https://fbref.com/req/202302030/images/headshots/d17ce930_2022.jpg,Manchester City,https://cdn.ssref.net/req/202505011/tlogo/fb/b8fd15ef.png,DF,CB,0.966,1374134,266719370,12.82040616,15.91199944,3,1,5.6,60,5,29,3,91.1,,,,,,,,,,,,,,,,,,,,,,,,,5,3,131,75
Jahmai Simpson-Pusey,https://fbref.com/req/202302030/images/headshots/383b10fd_2022.jpg,Manchester City,https://cdn.ssref.net/req/202505011/tlogo/fb/b8fd16ef.png,DF,CB,2.133,412240,266719370,20.61759807,25.58945521,3,1,1.1,25,1,2,0,93,,,,,,,,,,,,,,,,,,,,,,,,,3,1,44,15
John Stones,https://fbref.com/req/202302030/images/headshots/5eecec3d_2022.jpg,Manchester City,https://cdn.ssref.net/req/202505011/tlogo/fb/b8fd17ef.png,DF,CB,0.849,15876279,266719370,12.03868255,14.94176609,3,1,6.1,57.1,5,19,4,91.1,,,,,,,,,,,,,,,,,,,,,,,,,7,5,146,84
Joško Gvardiol,https://fbref.com/req/202302030/images/headshots/5ad50391_2022.jpg,Manchester City,https://cdn.ssref.net/req/202505011/tlogo/fb/b8fd18ef.png,DF,CB,1.609,12701023,266719370,17.11654532,21.2441366,3,1,31.4,60.5,38,109,35,90.7,,,,,,,,,,,,,,,,,,,,,,,,,4,2,70,32
Manuel Akanji,https://fbref.com/req/202302030/images/headshots/89ac64a6_2022.jpg,Manchester City,https://cdn.ssref.net/req/202505011/tlogo/fb/b8fd19ef.png,DF,CB,0.641,11430921,266719370,10.64895168,13.21690679,3,1,19,45.3,11,55,7,93.9,,,,,,,,,,,,,,,,,,,,,,,,,9,7,162,95
Nathan Aké,https://fbref.com/req/202302030/images/headshots/eaeca114_2022.jpg,Manchester City,https://cdn.ssref.net/req/202505011/tlogo/fb/b8fd20ef.png,DF,CB,0.749,10160818,266719370,11.37054271,14.11250681,3,1,7.5,56.5,7,22,3,93.9,,,,,,,,,,,,,,,,,,,,,,,,,8,6,153,89
Rúben Dias,https://fbref.com/req/202302030/images/headshots/31c69ef1_2022.jpg,Manchester City,https://cdn.ssref.net/req/202505011/tlogo/fb/b8fd21ef.png,DF,CB,0.854,11430921,266719370,12.07208954,14.98322905,3,1,20.2,50,17,54,18,93.4,,,,,,,,,,,,,,,,,,,,,,,,,6,4,142,81
Kyle Walker,https://fbref.com/req/202302030/images/headshots/86dd77d1_2022.jpg,Manchester City,https://cdn.ssref.net/req/202505011/tlogo/fb/b8fd22ef.png,DF,RB,1.948,11113395,266719370,28.5988107,57.80300427,3,3,10.8,,,,,,14,12,17,13,,,,,,,,,,,,,,,,,,,,,2,2,18,6
Rico Lewis,https://fbref.com/req/202302030/images/headshots/b57e066e_2022.jpg,Manchester City,https://cdn.ssref.net/req/202505011/tlogo/fb/b8fd23ef.png,DF,RB,2.114,1587628,266719370,30.77279684,62.19699573,3,3,20.1,,,,,,3,36,29,38,,,,,,,,,,,,,,,,,,,,,1,1,14,3
Ederson,https://fbref.com/req/202302030/images/headshots/3bb7b8b4_2022.jpg,Manchester City,https://cdn.ssref.net/req/202505011/tlogo/fb/b8fd24ef.png,GK,GK,2.079,6350511,266719370,12.55278419,185.5268772,4,0,21.8,,,,,,,,,,,,,,,,,,,,,,,,,7,17.6,3.8,63,68.5,1,1,28,28
Stefan Ortega,https://fbref.com/req/202302030/images/headshots/c1242d4e_2022.jpg,Manchester City,https://cdn.ssref.net/req/202505011/tlogo/fb/b8fd25ef.png,GK,GK,1.944,5715460,266719370,11.80488504,174.4731228,4,0,11.2,,,,,,,,,,,,,,,,,,,,,,,,,3,21.8,-0.9,40,66,2,2,32,32
Joshua Zirkzee,https://fbref.com/req/202302030/images/headshots/028e70b9_2022.jpg,Manchester Utd,https://cdn.ssref.net/req/202505011/tlogo/fb/19538871.png,FW,ST,0.704,6668037,239020005,15.05552508,72.06492335,1,1,15.6,,,,,,,,,,21,,,,,,,1,3,69,4.8,-1.8,,,,,,,,,4,1,79,30
Rasmus Højlund,https://fbref.com/req/202302030/images/headshots/491a433d_2022.jpg,Manchester Utd,https://cdn.ssref.net/req/202505011/tlogo/fb/19538871.png,FW,ST,0.481,5397935,239020005,10.01441082,47.93507665,1,1,17.6,,,,,,,,,,12,,,,,,,0,3,80,3.3,-0.3,,,,,,,,,6,2,109,41
Alejandro Garnacho,https://fbref.com/req/202302030/images/headshots/7aa8adfe_2022.jpg,Manchester Utd,https://cdn.ssref.net/req/202505011/tlogo/fb/19538872.png,FW,LW,1.322,3175256,239020005,29.02596726,75.16097561,1,2,20.8,,,,,,,,,,62,,,,,,,1,5,249,6.2,-1.2,,,,,,,,,2,1,24,5
Marcus Rashford,https://fbref.com/req/202302030/images/headshots/a1d5bd30_2022.jpg,Manchester Utd,https://cdn.ssref.net/req/202505011/tlogo/fb/19538873.png,FW,LW,0.804,19051534,239020005,17.31611443,44.83902439,1,2,7.5,,,,,,,,,,13.5,,,,,,,1.5,2.5,59.5,1.65,0.85,,,,,,,,,3,2,68,23
Amad Diallo,https://fbref.com/req/202302030/images/headshots/9dc96f10_2022.jpg,Manchester Utd,https://cdn.ssref.net/req/202505011/tlogo/fb/19538874.png,FW,RW,1.568,1831878,239020005,34.58701706,87.6372315,1,3,17.7,,,,,,,,,,46,,,,,,,6,6,159,4.1,1.9,,,,,,,,,1,1,12,5
Antony,https://fbref.com/req/202302030/images/headshots/99127249_2022.jpg,Manchester Utd,https://cdn.ssref.net/req/202505011/tlogo/fb/19538875.png,FW,RW,0.603,12701023,239020005,12.77232983,32.3627685,1,3,1.6,,,,,,,,,,6,,,,,,,0,0,7,1,-1,,,,,,,,,5,2,94,22
Christian Eriksen,https://fbref.com/req/202302030/images/headshots/980522ec_2022.jpg,Manchester Utd,https://cdn.ssref.net/req/202505011/tlogo/fb/19538876.png,MF,CM,0.905,9525767,239020005,14.6482603,67.1178956,2,1,10,,,,,,,,,,8,,41,21,,40,1.8,,,,,,,,,,,,,,4,1,70,32
Kobbie Mainoo,https://fbref.com/req/202302030/images/headshots/c6220452_2022.jpg,Manchester Utd,https://cdn.ssref.net/req/202505011/tlogo/fb/19538877.png,MF,CM,0.637,1270102,239020005,11.54134562,52.8821044,2,1,14.4,,,,,,,,,,12,,54,13,,25,1.2,,,,,,,,,,,,,,5,2,96,48
Bruno Fernandes,https://fbref.com/req/202302030/images/headshots/507c7bdf_2022.jpg,Manchester Utd,https://cdn.ssref.net/req/202505011/tlogo/fb/19538878.png,MF,CAM,3.255,19051534,239020005,41.89172858,94.44930054,2,2,29.3,,,,,,,,,,56,,254,77,,156,6.4,,,,,,,,,,,,,,1,1,3,1
Mason Mount,https://fbref.com/req/202302030/images/headshots/9674002f_2022.jpg,Manchester Utd,https://cdn.ssref.net/req/202505011/tlogo/fb/19538879.png,MF,CAM,0.619,15876279,239020005,11.33267224,25.55069946,2,2,3.5,,,,,,,,,,7,,13,5,,9,0.1,,,,,,,,,,,,,,6,2,99,30
Casemiro,https://fbref.com/req/202302030/images/headshots/4d224fe8_2022.jpg,Manchester Utd,https://cdn.ssref.net/req/202505011/tlogo/fb/19538880.png,MF,CDM,5.786,22226790,239020005,25.49277838,58.31902318,2,3,14.1,,33,,12,78.7,,,,,,82,65,19,43,,,,,,,,,,,,,,,,3,2,27,11
Toby Collyer,0,Manchester Utd,https://cdn.ssref.net/req/202505011/tlogo/fb/19538881.png,MF,CDM,6.067,317526,239020005,26.96237671,61.68097682,2,3,2,,2,,2,82.6,,,,,,17,5,2,9,,,,,,,,,,,,,,,,2,1,19,9
Ayden Heaven,0,Manchester Utd,https://cdn.ssref.net/req/202505011/tlogo/fb/19538882.png,DF,CB,2.461,274827,239020005,22.80909675,26.7300859,3,1,1.1,33.3,2,6,1,81.6,,,,,,,,,,,,,,,,,,,,,,,,,2,1,36,12
Harry Maguire,https://fbref.com/req/202302030/images/headshots/d8931174_2022.jpg,Manchester Utd,https://cdn.ssref.net/req/202505011/tlogo/fb/19538883.png,DF,CB,0.976,12065972,239020005,12.88722014,15.10259285,3,1,15.8,70.8,14,70,36,86.3,,,,,,,,,,,,,,,,,,,,,,,,,8,5,130,74
Jonny Evans,https://fbref.com/req/202302030/images/headshots/f8fcd2a5_2022.jpg,Manchester Utd,https://cdn.ssref.net/req/202505011/tlogo/fb/19538884.png,DF,CB,1.356,4127832,239020005,15.42615153,18.07797828,3,1,3.2,72.7,2,13,4,88.8,,,,,,,,,,,,,,,,,,,,,,,,,5,2,95,50
Leny Yoro,https://fbref.com/req/202302030/images/headshots/6763f716_2022.jpg,Manchester Utd,https://cdn.ssref.net/req/202505011/tlogo/fb/19538885.png,DF,CB,0.672,7303088,239020005,10.85607503,12.72228451,3,1,10.7,45.8,5,36,17,92.5,,,,,,,,,,,,,,,,,,,,,,,,,12,7,160,93
Lisandro Martínez,https://fbref.com/req/202302030/images/headshots/bac46a10_2022.jpg,Manchester Utd,https://cdn.ssref.net/req/202505011/tlogo/fb/19538886.png,DF,CB,0.931,7620614,239020005,12.58655721,14.75024458,3,1,19.5,55.2,22,57,32,89.4,,,,,,,,,,,,,,,,,,,,,,,,,9,6,136,78
Matthijs de Ligt,https://fbref.com/req/202302030/images/headshots/d6e53a3a_2022.jpg,Manchester Utd,https://cdn.ssref.net/req/202505011/tlogo/fb/19538887.png,DF,CB,1.152,12383497,239020005,14.06314626,16.4806661,3,1,23.2,66.3,29,92,33,90.1,,,,,,,,,,,,,,,,,,,,,,,,,6,3,109,60
Victor Lindelöf,https://fbref.com/req/202302030/images/headshots/f5deef4c_2022.jpg,Manchester Utd,https://cdn.ssref.net/req/202505011/tlogo/fb/19538888.png,DF,CB,1.108,7620614,239020005,13.76916473,16.13614779,3,1,4.1,47.6,3,28,5,92.3,,,,,,,,,,,,,,,,,,,,,,,,,7,4,113,63
Harry Amass,0,Manchester Utd,https://cdn.ssref.net/req/202505011/tlogo/fb/19538889.png,DF,LB,0.25,343533,239020005,6.36128983,15.86958045,3,2,0.8,,,,,,1,0,2,0,,,,,,,,,,,,,,,,,,,,,13,4,175,35
Luke Shaw,https://fbref.com/req/202302030/images/headshots/9c94165b_2022.jpg,Manchester Utd,https://cdn.ssref.net/req/202505011/tlogo/fb/19538890.png,DF,LB,0.601,9525767,239020005,10.95809185,27.33727354,3,2,0.9,,,,,,1,1,2,2,,,,,,,,,,,,,,,,,,,,,11,3,158,29
Patrick Dorgu,https://fbref.com/req/202302030/images/headshots/e6536124_2022.jpg,Manchester Utd,https://cdn.ssref.net/req/202505011/tlogo/fb/19538891.png,DF,LB,1.232,2748268,239020005,19.22185844,47.95298391,3,2,4.9,,,,,,21,21,14,10,,,,,,,,,,,,,,,,,,,,,4,1,58,15
Tyrell Malacia,https://fbref.com/req/202302030/images/headshots/6b6c793c_2022.jpg,Manchester Utd,https://cdn.ssref.net/req/202505011/tlogo/fb/19538892.png,DF,LB,0.647,4762884,239020005,11.56052174,28.84016209,3,2,1.1,,,,,,1,3,2,2,,,,,,,,,,,,,,,,,,,,,10,2,150,28
Diogo Dalot,https://fbref.com/req/202302030/images/headshots/d9565625_2022.jpg,Manchester Utd,https://cdn.ssref.net/req/202505011/tlogo/fb/19538893.png,DF,RB,1.89,5397935,239020005,27.83922518,70.47669076,3,3,30.6,,,,,,63,62,65,37,,,,,,,,,,,,,,,,,,,,,1,1,25,10
Noussair Mazraoui,https://fbref.com/req/202302030/images/headshots/b74277a0_2022.jpg,Manchester Utd,https://cdn.ssref.net/req/202505011/tlogo/fb/19538894.png,DF,RB,1.258,8573190,239020005,19.56236229,49.52330924,3,3,27.5,,,,,,20,34,95,26,,,,,,,,,,,,,,,,,,,,,3,2,54,19
Altay Bayındır,https://fbref.com/req/202302030/images/headshots/072e68ed_2022.jpg,Manchester Utd,https://cdn.ssref.net/req/202505011/tlogo/fb/19538895.png,GK,GK,9.46,2222679,239020005,45.49695673,259.6982805,4,0,1,,,,,,,,,,,,,,,,,,,,,,,,,0,39.2,-0.2,5,33.3,1,1,2,2
André Onana,https://fbref.com/req/202302030/images/headshots/e9c0c1b2_2022.jpg,Manchester Utd,https://cdn.ssref.net/req/202505011/tlogo/fb/19538896.png,GK,GK,2.985,7620614,239020005,17.57201852,100.3017195,4,0,31,,,,,,,,,,,,,,,,,,,,,,,,,9,29.1,1.8,102,69.8,2,2,14,14
Alexander Isak,https://fbref.com/req/202302030/images/headshots/8e92be30_2022.jpg,Newcastle Utd,https://cdn.ssref.net/req/202505011/tlogo/fb/b2b47a98.png,FW,ST,1.577,7620614,136451486,34.79047011,103.6945536,1,1,26.8,,,,,,,,,,40,,,,,,,6,21,192,17.5,3.5,,,,,,,,,1,1,11,6
Callum Wilson,https://fbref.com/req/202302030/images/headshots/c596fcb0_2022.jpg,Newcastle Utd,https://cdn.ssref.net/req/202505011/tlogo/fb/b2b47a99.png,FW,ST,0.158,2921235,136451486,2.712707221,8.085345312,1,1,2.8,,,,,,,,,,4,,,,,,,0,0,9,0.3,-0.3,,,,,,,,,6,3,134,51
William Osula,https://fbref.com/req/202302030/images/headshots/7b355808_2022.jpg,Newcastle Utd,https://cdn.ssref.net/req/202505011/tlogo/fb/b2b47a100.png,FW,ST,0.16,1270102,136451486,2.757919008,8.220101067,1,1,1,,,,,,,,,,1,,,,,,,0,0,7,0,0,,,,,,,,,5,2,133,50
Anthony Gordon,https://fbref.com/req/202302030/images/headshots/2bd83368_2022.jpg,Newcastle Utd,https://cdn.ssref.net/req/202505011/tlogo/fb/b2b47a101.png,FW,LW,1.038,9525767,136451486,22.60589351,63.59300477,1,2,24.2,,,,,,,,,,54,,,,,,,5,6,190,7.9,-1.9,,,,,,,,,3,1,42,14
Harvey Barnes,https://fbref.com/req/202302030/images/headshots/3ea50f67_2022.jpg,Newcastle Utd,https://cdn.ssref.net/req/202505011/tlogo/fb/b2b47a102.png,FW,LW,0.925,5080409,136451486,20.05142754,56.40699523,1,2,14.9,,,,,,,,,,37,,,,,,,4,9,143,6.2,2.8,,,,,,,,,4,2,52,19
Jacob Murphy,https://fbref.com/req/202302030/images/headshots/de112b84_2022.jpg,Newcastle Utd,https://cdn.ssref.net/req/202505011/tlogo/fb/b2b47a103.png,FW,RW,1.091,2222679,136451486,23.80400586,120,1,3,22.4,,,,,,,,,,30,,,,,,,11,8,187,5.5,2.5,,,,,,,,,2,1,38,8
Joe Willock,https://fbref.com/req/202302030/images/headshots/a3b03921_2022.jpg,Newcastle Utd,https://cdn.ssref.net/req/202505011/tlogo/fb/b2b47a104.png,MF,CM,1.808,5080409,136451486,25.1167079,35.91860727,2,1,9.9,,,,,,,,,,22,,34,18,,38,0.8,,,,,,,,,,,,,,2,2,29,10
Joelinton,https://fbref.com/req/202302030/images/headshots/c17bfb65_2022.jpg,Newcastle Utd,https://cdn.ssref.net/req/202505011/tlogo/fb/b2b47a105.png,MF,CM,2.541,9525767,136451486,33.61435141,48.07081771,2,1,26.6,,,,,,,,,,26,,116,23,,61,2.3,,,,,,,,,,,,,,1,1,9,3
Lewis Miley,https://fbref.com/req/202302030/images/headshots/2c6835e5_2022.jpg,Newcastle Utd,https://cdn.ssref.net/req/202505011/tlogo/fb/b2b47a106.png,MF,CM,0.632,317526,136451486,11.48338079,16.42201862,2,1,2.5,,,,,,,,,,1,,13,1,,3,0.1,,,,,,,,,,,,,,5,4,97,49
Sean Longstaff,https://fbref.com/req/202302030/images/headshots/a2b105e0_2022.jpg,Newcastle Utd,https://cdn.ssref.net/req/202505011/tlogo/fb/b2b47a107.png,MF,CM,0.823,3175256,136451486,13.69763715,19.5885564,2,1,8.9,,,,,,,,,,10,,40,4,,14,0.2,,,,,,,,,,,,,,4,3,75,36
Bruno Guimarães,https://fbref.com/req/202302030/images/headshots/82518f62_2022.jpg,Newcastle Utd,https://cdn.ssref.net/req/202505011/tlogo/fb/b2b47a108.png,MF,CDM,3.977,10160818,136451486,16.03191228,75.48980499,2,3,31.4,,32,,27,82.1,,,,,,156,227,43,41,,,,,,,,,,,,,,,,3,1,61,19
Sandro Tonali,https://fbref.com/req/202302030/images/headshots/0db169ae_2022.jpg,Newcastle Utd,https://cdn.ssref.net/req/202505011/tlogo/fb/b2b47a109.png,MF,CDM,2.719,7620614,136451486,9.452714076,44.51019501,2,3,24.2,,29,,29,83.2,,,,,,156,96,13,30,,,,,,,,,,,,,,,,6,2,111,29
Dan Burn,https://fbref.com/req/202302030/images/headshots/b2d31e83_2022.jpg,Newcastle Utd,https://cdn.ssref.net/req/202505011/tlogo/fb/b2b47a110.png,DF,CB,1.829,3492781,136451486,18.58645297,27.81059902,3,1,32,66.7,31,166,25,89.2,,,,,,,,,,,,,,,,,,,,,,,,,5,3,60,26
Fabian Schär,https://fbref.com/req/202302030/images/headshots/c8aa95da_2022.jpg,Newcastle Utd,https://cdn.ssref.net/req/202505011/tlogo/fb/b2b47a111.png,DF,CB,1.708,2857730,136451486,17.77800376,26.60092998,3,1,27.7,37.9,35,112,40,83.3,,,,,,,,,,,,,,,,,,,,,,,,,6,4,69,31
Lloyd Kelly,https://fbref.com/req/202302030/images/headshots/f31def1e_2022.jpg,Newcastle Utd,https://cdn.ssref.net/req/202505011/tlogo/fb/b2b47a112.png,DF,CB,2.071,9525767,136451486,20.20335137,30.22993709,3,1,3.4,75,6,17,1,80.7,,,,,,,,,,,,,,,,,,,,,,,,,4,2,49,19
Sven Botman,https://fbref.com/req/202302030/images/headshots/ccce7025_2022.jpg,Newcastle Utd,https://cdn.ssref.net/req/202505011/tlogo/fb/b2b47a113.png,DF,CB,2.584,5715460,136451486,23.63090875,35.35853392,3,1,2.5,64.3,2,12,4,88.3,,,,,,,,,,,,,,,,,,,,,,,,,1,1,33,10
Lewis Hall,https://fbref.com/req/202302030/images/headshots/da011f18_2022.jpg,Newcastle Utd,https://cdn.ssref.net/req/202505011/tlogo/fb/b2b47a114.png,DF,LB,1.411,444536,136451486,21.5660965,92.66644395,3,2,24.3,,,,,,110,41,58,22,,,,,,,,,,,,,,,,,,,,,3,1,41,11
Matt Targett,https://fbref.com/req/202302030/images/headshots/e514ab62_2022.jpg,Newcastle Utd,https://cdn.ssref.net/req/202505011/tlogo/fb/b2b47a115.png,DF,LB,0.25,6350511,136451486,6.36128983,27.33355605,3,2,0.2,,,,,,1,0,0,0,,,,,,,,,,,,,,,,,,,,,9,2,175,35
Emil Krafth,https://fbref.com/req/202302030/images/headshots/77cf6852_2022.jpg,Newcastle Utd,https://cdn.ssref.net/req/202505011/tlogo/fb/b2b47a116.png,DF,RB,0.307,3492781,136451486,7.107779046,19.4748828,3,3,3.2,,,,,,1,3,4,3,,,,,,,,,,,,,,,,,,,,,8,3,174,45
Kieran Trippier,https://fbref.com/req/202302030/images/headshots/21512407_2022.jpg,Newcastle Utd,https://cdn.ssref.net/req/202505011/tlogo/fb/b2b47a117.png,DF,RB,0.88,7620614,136451486,14.61196012,40.03588307,3,3,12.2,,,,,,62,21,32,11,,,,,,,,,,,,,,,,,,,,,7,2,101,26
Valentino Livramento,https://fbref.com/req/202302030/images/headshots/afed6722_2022.jpg,Newcastle Utd,https://cdn.ssref.net/req/202505011/tlogo/fb/b2b47a118.png,DF,RB,1.45,3175256,136451486,22.07685228,60.48923413,3,3,26.6,,,,,,40,68,49,37,,,,,,,,,,,,,,,,,,,,,2,1,39,17
Martin Dúbravka,https://fbref.com/req/202302030/images/headshots/3a949a25_2022.jpg,Newcastle Utd,https://cdn.ssref.net/req/202505011/tlogo/fb/b2b47a119.png,GK,GK,1.861,2540205,136451486,11.34506556,164.3136247,4,0,10,,,,,,,,,,,,,,,,,,,,,,,,,5,15.8,0.9,18,70.7,2,2,34,34
Nick Pope,https://fbref.com/req/202302030/images/headshots/4b40d9ca_2022.jpg,Newcastle Utd,https://cdn.ssref.net/req/202505011/tlogo/fb/b2b47a120.png,GK,GK,2.252,3810307,136451486,13.51120311,195.6863753,4,0,23,,,,,,,,,,,,,,,,,,,,,,,,,6,27.3,0.9,62,70.5,1,1,24,24
Chris Wood,https://fbref.com/req/202302030/images/headshots/4e9a0555_2022.jpg,Nott'ham Forest,https://cdn.ssref.net/req/202505011/tlogo/fb/e4a775cb.png,FW,ST,1.362,5080409,83890867,29.930203,88.56187291,1,1,27,,,,,,,,,,9,,,,,,,3,18,74,11,7,,,,,,,,,2,1,21,11
Taiwo Awoniyi,https://fbref.com/req/202302030/images/headshots/e5478b87_2022.jpg,Nott'ham Forest,https://cdn.ssref.net/req/202505011/tlogo/fb/e4a776cb.png,FW,ST,0.508,3175256,83890867,10.62476995,31.43812709,1,1,4,,,,,,,,,,5,,,,,,,0,1,19,2.1,-1.1,,,,,,,,,5,2,105,40
Anthony Elanga,https://fbref.com/req/202302030/images/headshots/2fba6108_2022.jpg,Nott'ham Forest,https://cdn.ssref.net/req/202505011/tlogo/fb/e4a777cb.png,FW,LW,1.424,1587628,83890867,31.3317684,56.80327869,1,2,22.3,,,,,,,,,,41,,,,,,,8,6,162,3.9,2.1,,,,,,,,,1,1,18,4
Callum Hudson-Odoi,https://fbref.com/req/202302030/images/headshots/15f3ec41_2022.jpg,Nott'ham Forest,https://cdn.ssref.net/req/202505011/tlogo/fb/e4a778cb.png,FW,LW,1.118,5080409,83890867,24.41436499,44.26229508,1,2,23,,,,,,,,,,59,,,,,,,2,5,186,2.5,2.5,,,,,,,,,3,2,37,13
Ramón Sosa,0,Nott'ham Forest,https://cdn.ssref.net/req/202505011/tlogo/fb/e4a779cb.png,FW,LW,0.5,1905153,83890867,10.4439228,18.93442623,1,2,2.9,,,,,,,,,,6,,,,,,,0,1,15,0.9,0.1,,,,,,,,,6,3,107,34
Jota Silva,0,Nott'ham Forest,https://cdn.ssref.net/req/202505011/tlogo/fb/e4a780cb.png,FW,RW,0.551,1587628,83890867,11.59682337,120,1,3,9.2,,,,,,,,,,11,,,,,,,1,3,54,1.9,1.1,,,,,,,,,4,1,103,26
Elliot Anderson,https://fbref.com/req/202302030/images/headshots/de31038e_2022.jpg,Nott'ham Forest,https://cdn.ssref.net/req/202505011/tlogo/fb/e4a781cb.png,MF,CM,1.435,2540205,83890867,20.79253187,57.7067933,2,1,24.7,,,,,,,,,,27,,112,33,,74,3.2,,,,,,,,,,,,,,4,1,44,15
Nicolás Domínguez,https://fbref.com/req/202302030/images/headshots/20b3a502_2022.jpg,Nott'ham Forest,https://cdn.ssref.net/req/202505011/tlogo/fb/e4a782cb.png,MF,CM,0.604,2222679,83890867,11.15877777,30.96964266,2,1,17.4,,,,,,,,,,10,,60,12,,29,1.3,,,,,,,,,,,,,,6,3,101,52
Ryan Yates,https://fbref.com/req/202302030/images/headshots/c1fe2a48_2022.jpg,Nott'ham Forest,https://cdn.ssref.net/req/202505011/tlogo/fb/e4a783cb.png,MF,CM,0.615,3175256,83890867,11.28630038,31.32356403,2,1,19.4,,,,,,,,,,18,,45,17,,35,0.5,,,,,,,,,,,,,,5,2,100,51
Morgan Gibbs-White,https://fbref.com/req/202302030/images/headshots/32f60ed8_2022.jpg,Nott'ham Forest,https://cdn.ssref.net/req/202505011/tlogo/fb/e4a784cb.png,MF,CAM,1.983,5080409,83890867,27.14547681,120,2,2,25.4,,,,,,,,,,46,,139,44,,97,4.3,,,,,,,,,,,,,,3,1,18,7
Danilo,https://fbref.com/req/202302030/images/headshots/a816dbfb_2022.jpg,Nott'ham Forest,https://cdn.ssref.net/req/202505011/tlogo/fb/e4a785cb.png,MF,CDM,8.401,1905153,83890867,37.10530201,59.38660493,2,3,2.3,,1,,1,79.6,,,,,,14,10,0,1,,,,,,,,,,,,,,,,2,2,5,3
Ibrahim Sangaré,https://fbref.com/req/202302030/images/headshots/bced0375_2022.jpg,Nott'ham Forest,https://cdn.ssref.net/req/202505011/tlogo/fb/e4a786cb.png,MF,CDM,16.488,4762884,83890867,37.87181188,60.61339507,2,3,3.1,,5,,2,78.5,,,,,,22,12,3,10,,,,,,,,,,,,,,,,1,1,4,2
Morato,0,Nott'ham Forest,https://cdn.ssref.net/req/202505011/tlogo/fb/e4a787cb.png,DF,CB,1.003,2222679,83890867,13.0676179,19.18837884,3,1,8.4,27.8,11,66,9,74.1,,,,,,,,,,,,,,,,,,,,,,,,,8,4,126,71
Murillo,0,Nott'ham Forest,https://cdn.ssref.net/req/202505011/tlogo/fb/e4a788cb.png,DF,CB,1.939,1905153,83890867,19.32140679,28.37138919,3,1,30.5,64.2,64,208,29,78,,,,,,,,,,,,,,,,,,,,,,,,,4,2,57,24
Nikola Milenković,https://fbref.com/req/202302030/images/headshots/bee704fc_2022.jpg,Nott'ham Forest,https://cdn.ssref.net/req/202505011/tlogo/fb/e4a789cb.png,DF,CB,1.553,6668037,83890867,16.74238701,24.58437851,3,1,31,71.2,36,160,23,80.9,,,,,,,,,,,,,,,,,,,,,,,,,5,3,78,39
Willy Boly,https://fbref.com/req/202302030/images/headshots/a4ac4b8f_2022.jpg,Nott'ham Forest,https://cdn.ssref.net/req/202505011/tlogo/fb/e4a790cb.png,DF,CB,3.925,2540205,83890867,32.59066398,47.85585346,3,1,1.7,75,4,12,3,78.6,,,,,,,,,,,,,,,,,,,,,,,,,1,1,12,6
Harry Toffolo,https://fbref.com/req/202302030/images/headshots/a105d46a_2022.jpg,Nott'ham Forest,https://cdn.ssref.net/req/202505011/tlogo/fb/e4a791cb.png,DF,LB,1.041,2222679,83890867,16.72046475,120,3,2,0.5,,,,,,3,0,2,0,,,,,,,,,,,,,,,,,,,,,6,1,80,18
Eric da Silva Moreira,https://fbref.com/req/202302030/images/headshots/0a4f579a_2022.jpg,Nott'ham Forest,https://cdn.ssref.net/req/202505011/tlogo/fb/e4a792cb.png,DF,RB,0.833,508041,83890867,13.99643392,24.61950537,3,3,0.3,,,,,,0,1,2,0,,,,,,,,,,,,,,,,,,,,,7,3,110,29
Neco Williams,https://fbref.com/req/202302030/images/headshots/dd323728_2022.jpg,Nott'ham Forest,https://cdn.ssref.net/req/202505011/tlogo/fb/e4a793cb.png,DF,RB,1.752,3175256,83890867,26.0319355,45.78976183,3,3,22.8,,,,,,39,53,66,25,,,,,,,,,,,,,,,,,,,,,3,2,27,11
Ola Aina,https://fbref.com/req/202302030/images/headshots/246d153b_2022.jpg,Nott'ham Forest,https://cdn.ssref.net/req/202505011/tlogo/fb/e4a794cb.png,DF,RB,1.917,2540205,83890867,28.19282534,49.5907328,3,3,28.5,,,,,,42,54,53,35,,,,,,,,,,,,,,,,,,,,,2,1,20,7
Matz Sels,https://fbref.com/req/202302030/images/headshots/834b5c4c_2022.jpg,Nott'ham Forest,https://cdn.ssref.net/req/202505011/tlogo/fb/e4a795cb.png,GK,GK,3.953,2222679,83890867,22.93473246,360,4,0,32,,,,,,,,,,,,,,,,,,,,,,,,,13,71.1,3.1,215,74.5,1,1,10,10
Adam Armstrong,https://fbref.com/req/202302030/images/headshots/68c720b5_2022.jpg,Southampton,https://cdn.ssref.net/req/202505011/tlogo/fb/33c895d4.png,FW,ST,1.355,3810307,74031458,29.77196175,46.14306569,1,1,13.9,,,,,,,,,,13,,,,,,,2,2,79,3.3,-1.3,,,,,,,,,1,1,22,12
Cameron Archer,https://fbref.com/req/202302030/images/headshots/05e8ca6d_2022.jpg,Southampton,https://cdn.ssref.net/req/202505011/tlogo/fb/33c895d5.png,FW,ST,0.86,2540205,74031458,18.58204446,28.8,1,1,14.8,,,,,,,,,,9,,,,,,,0,2,62,5.1,-3.1,,,,,,,,,5,3,59,21
Paul Onuachu,https://fbref.com/req/202302030/images/headshots/c06d1086_2022.jpg,Southampton,https://cdn.ssref.net/req/202505011/tlogo/fb/33c895d6.png,FW,ST,1.258,1905153,74031458,27.57919008,42.74452555,1,1,10.9,,,,,,,,,,5,,,,,,,1,4,39,3.3,0.7,,,,,,,,,3,2,30,13
Ross Stewart,https://fbref.com/req/202302030/images/headshots/18986367_2022.jpg,Southampton,https://cdn.ssref.net/req/202505011/tlogo/fb/33c895d7.png,FW,ST,0.104,1270102,74031458,1.491988971,2.312408759,1,1,2,,,,,,,,,,0,,,,,,,0,0,5,0.1,-0.1,,,,,,,,,10,4,136,52
Ben Brereton,0,Southampton,https://cdn.ssref.net/req/202505011/tlogo/fb/33c895d8.png,FW,LW,0.72,2222679,74031458,15.41721937,20.61980348,1,2,5,,,,,,,,,,13,,,,,,,0,0,42,0.9,-0.9,,,,,,,,,6,3,76,26
Kamaldeen Sulemana,https://fbref.com/req/202302030/images/headshots/a62f8bf1_2022.jpg,Southampton,https://cdn.ssref.net/req/202505011/tlogo/fb/33c895d9.png,FW,LW,1.171,2540205,74031458,25.61247734,34.25547997,1,2,11.6,,,,,,,,,,34,,,,,,,1,1,69,1.2,-0.2,,,,,,,,,4,2,33,10
Maxwel Cornet,https://fbref.com/req/202302030/images/headshots/beb391dd_2022.jpg,Southampton,https://cdn.ssref.net/req/202505011/tlogo/fb/33c895d10.png,FW,LW,0.35,4127832,74031458,7.053038774,9.433106576,1,2,0.8,,,,,,,,,,0,,,,,,,0,0,5,0.2,-0.2,,,,,,,,,7,4,118,38
Ryan Fraser,https://fbref.com/req/202302030/images/headshots/d56543a0_2022.jpg,Southampton,https://cdn.ssref.net/req/202505011/tlogo/fb/33c895d11.png,FW,LW,0.34,2540205,74031458,6.826979839,9.130763416,1,2,3.4,,,,,,,,,,5,,,,,,,0,0,18,0,0,,,,,,,,,8,5,121,39
Samuel Amo-Ameyaw,https://fbref.com/req/202302030/images/headshots/9eedf0e0_2022.jpg,Southampton,https://cdn.ssref.net/req/202505011/tlogo/fb/33c895d12.png,FW,LW,0.3,317526,74031458,5.922744099,7.921390779,1,2,0.3,,,,,,,,,,0,,,,,,,0,0,3,0,0,,,,,,,,,9,6,127,42
Samuel Edozie,https://fbref.com/req/202302030/images/headshots/007414dd_2022.jpg,Southampton,https://cdn.ssref.net/req/202505011/tlogo/fb/33c895d13.png,FW,LW,1.316,952577,74031458,28.8903319,38.63945578,1,2,0.7,,,,,,,,,,2,,,,,,,0,0,23,0,0,,,,,,,,,2,1,25,6
Albert Grønbaek,0,Southampton,https://cdn.ssref.net/req/202505011/tlogo/fb/33c895d14.png,MF,CM,0.176,1236720,74031458,6.196988648,8.259507379,2,1,1.6,,,,,,,,,,0,,1,1,,2,0,,,,,,,,,,,,,,8,6,123,63
Carlos Alcaraz,https://fbref.com/req/202302030/images/headshots/4abac767_2022.jpg,Southampton,https://cdn.ssref.net/req/202505011/tlogo/fb/33c895d15.png,MF,CM,1.031,1374134,74031458,16.10897392,21.47045872,2,1,2.55,,,,,,,,,,7.5,,15,5,,11.5,0.2,,,,,,,,,,,,,,3,2,60,27
Flynn Downes,https://fbref.com/req/202302030/images/headshots/69fdb896_2022.jpg,Southampton,https://cdn.ssref.net/req/202505011/tlogo/fb/33c895d16.png,MF,CM,0.779,1905153,74031458,13.18754668,17.57670464,2,1,18.9,,,,,,,,,,20,,56,14,,28,1.2,,,,,,,,,,,,,,6,4,85,42
Joe Aribo,https://fbref.com/req/202302030/images/headshots/328f7d51_2022.jpg,Southampton,https://cdn.ssref.net/req/202505011/tlogo/fb/33c895d17.png,MF,CM,0.941,4445358,74031458,15.06560705,20.07983226,2,1,21.2,,,,,,,,,,28,,71,16,,37,1.2,,,,,,,,,,,,,,4,3,67,31
Mateus Fernandes,0,Southampton,https://cdn.ssref.net/req/202505011/tlogo/fb/33c895d18.png,MF,CM,1.965,1270102,74031458,26.93680344,35.90207105,2,1,27.8,,,,,,,,,,64,,127,30,,68,2.9,,,,,,,,,,,,,,2,1,20,7
William Smallbone,https://fbref.com/req/202302030/images/headshots/5e105217_2022.jpg,Southampton,https://cdn.ssref.net/req/202505011/tlogo/fb/33c895d19.png,MF,CM,0.723,1587628,74031458,12.53834063,16.71142595,2,1,6.8,,,,,,,,,,8,,23,9,,15,0.8,,,,,,,,,,,,,,7,5,93,46
Adam Lallana,https://fbref.com/req/202302030/images/headshots/99813635_2022.jpg,Southampton,https://cdn.ssref.net/req/202505011/tlogo/fb/33c895d20.png,MF,CAM,0.803,2857730,74031458,13.46577785,120,2,2,4,,,,,,,,,,8,,24,4,,9,0.5,,,,,,,,,,,,,,5,1,81,25
Lesley Ugochukwu,https://fbref.com/req/202302030/images/headshots/1df4a109_2022.jpg,Southampton,https://cdn.ssref.net/req/202505011/tlogo/fb/33c895d21.png,MF,CDM,6.829,2857730,74031458,30.94755083,120,2,3,15.1,,25,,12,84.7,,,,,,56,47,13,22,,,,,,,,,,,,,,,,1,1,12,6
Armel Bella Kotchap,https://fbref.com/req/202302030/images/headshots/a39d11bc_2022.jpg,Southampton,https://cdn.ssref.net/req/202505011/tlogo/fb/33c895d22.png,DF,CB,1.552,952577,74031458,16.73570561,16.13840765,3,1,3.7,54.5,2,21,5,90.2,,,,,,,,,,,,,,,,,,,,,,,,,4,3,79,40
Jack Stephens,https://fbref.com/req/202302030/images/headshots/6adbc307_2022.jpg,Southampton,https://cdn.ssref.net/req/202505011/tlogo/fb/33c895d23.png,DF,CB,0.803,2857730,74031458,11.73133822,11.31264632,3,1,11.9,50,11,40,11,92,,,,,,,,,,,,,,,,,,,,,,,,,9,5,147,85
Jan Bednarek,https://fbref.com/req/202302030/images/headshots/4115ce4e_2022.jpg,Southampton,https://cdn.ssref.net/req/202505011/tlogo/fb/33c895d24.png,DF,CB,1.736,4445358,74031458,17.96508292,17.32390843,3,1,25.1,66.7,43,163,52,92.5,,,,,,,,,,,,,,,,,,,,,,,,,3,2,68,30
Ronnie Edwards,https://fbref.com/req/202302030/images/headshots/be90c4b0_2022.jpg,Southampton,https://cdn.ssref.net/req/202505011/tlogo/fb/33c895d25.png,DF,CB,22.5,952577,74031458,61.56746437,59.37011926,3,1,0.1,0,1,0,0,100,,,,,,,,,,,,,,,,,,,,,,,,,1,1,3,2
Taylor Harwood-Bellis,https://fbref.com/req/202302030/images/headshots/47327321_2022.jpg,Southampton,https://cdn.ssref.net/req/202505011/tlogo/fb/33c895d26.png,DF,CB,1.508,476288,74031458,16.44172408,15.85491834,3,1,27.5,58.1,57,120,30,88.2,,,,,,,,,,,,,,,,,,,,,,,,,5,4,82,42
Charlie Taylor,https://fbref.com/req/202302030/images/headshots/cc2d7ad5_2022.jpg,Southampton,https://cdn.ssref.net/req/202505011/tlogo/fb/33c895d27.png,DF,LB,0.454,1905153,74031458,9.032935447,31.52824927,3,2,3,,,,,,9,3,7,3,,,,,,,,,,,,,,,,,,,,,10,3,168,33
Ryan Manning,0,Southampton,https://cdn.ssref.net/req/202505011/tlogo/fb/33c895d28.png,DF,LB,0.698,952577,74031458,12.22843315,42.68170527,3,2,14.2,,,,,,72,12,28,13,,,,,,,,,,,,,,,,,,,,,8,2,141,26
Welington,0,Southampton,https://cdn.ssref.net/req/202505011/tlogo/fb/33c895d29.png,DF,LB,0.766,1030600,74031458,13.11898168,45.79004546,3,2,2.4,,,,,,10,3,13,3,,,,,,,,,,,,,,,,,,,,,7,1,123,24
James Bree,https://fbref.com/req/202302030/images/headshots/c07b7c5c_2022.jpg,Southampton,https://cdn.ssref.net/req/202505011/tlogo/fb/33c895d30.png,DF,RB,0.439,635051,74031458,8.836490916,22.0368829,3,3,9.9,,,,,,24,9,15,11,,,,,,,,,,,,,,,,,,,,,11,3,169,41
Kyle Walker-Peters,https://fbref.com/req/202302030/images/headshots/984a5a64_2022.jpg,Southampton,https://cdn.ssref.net/req/202505011/tlogo/fb/33c895d31.png,DF,RB,1.736,1270102,74031458,25.82239467,64.39717904,3,3,30.4,,,,,,51,110,43,68,,,,,,,,,,,,,,,,,,,,,2,1,29,13
Yukinari Sugawara,https://fbref.com/req/202302030/images/headshots/580bcd18_2022.jpg,Southampton,https://cdn.ssref.net/req/202505011/tlogo/fb/33c895d32.png,DF,RB,0.792,2540205,74031458,13.45948554,33.56593806,3,3,16.3,,,,,,69,32,29,15,,,,,,,,,,,,,,,,,,,,,6,2,116,30
Joe Lumley,https://fbref.com/req/202302030/images/headshots/bdf3a08e_2022.jpg,Southampton,https://cdn.ssref.net/req/202505011/tlogo/fb/33c895d33.png,GK,GK,2.362,635051,74031458,14.12060242,133.7481804,4,0,3,,,,,,,,,,,,,,,,,,,,,,,,,0,34.1,0.7,15,65,1,1,22,22
Alex McCarthy,https://fbref.com/req/202302030/images/headshots/36c2ca73_2022.jpg,Southampton,https://cdn.ssref.net/req/202505011/tlogo/fb/33c895d34.png,GK,GK,1.593,2540205,74031458,9.860347238,93.39569671,4,0,5,,,,,,,,,,,,,,,,,,,,,,,,,0,33.3,-0.4,24,70.3,3,3,36,36
Aaron Ramsdale,https://fbref.com/req/202302030/images/headshots/466fb2c5_2022.jpg,Southampton,https://cdn.ssref.net/req/202505011/tlogo/fb/33c895d35.png,GK,GK,2.345,7620614,74031458,14.02642253,132.8561229,4,0,25,,,,,,,,,,,,,,,,,,,,,,,,,2,43,-3.4,165,67.7,2,2,23,23
Dane Scarlett,https://fbref.com/req/202302030/images/headshots/21945a9e_2022.jpg,Tottenham,https://cdn.ssref.net/req/202505011/tlogo/fb/361ca564.png,FW,ST,1.025,515300,138478333,22.31201689,42.46683399,1,1,0.4,,,,,,,,,,0,,,,,,,1,0,1,0,0,,,,,,,,,2,1,43,16
Dominic Solanke,https://fbref.com/req/202302030/images/headshots/e77dc3b2_2022.jpg,Tottenham,https://cdn.ssref.net/req/202505011/tlogo/fb/361ca565.png,FW,ST,0.699,5715460,138478333,14.94249561,28.44030118,1,1,22.5,,,,,,,,,,20,,,,,,,3,7,85,9.9,-2.9,,,,,,,,,6,3,80,31
Mathys Tel,https://fbref.com/req/202302030/images/headshots/829aa60c_2022.jpg,Tottenham,https://cdn.ssref.net/req/202505011/tlogo/fb/361ca566.png,FW,ST,0.44,5496535,138478333,9.087569189,17.29652205,1,1,4.5,,,,,,,,,,11,,,,,,,0,2,35,1.8,0.2,,,,,,,,,8,4,116,46
Richarlison,https://fbref.com/req/202302030/images/headshots/fa031b34_2022.jpg,Tottenham,https://cdn.ssref.net/req/202505011/tlogo/fb/361ca567.png,FW,ST,0.715,5715460,138478333,15.3041899,29.12871997,1,1,3.3,,,,,,,,,,8,,,,,,,1,3,17,2.1,0.9,,,,,,,,,5,2,77,28
Will Lankshear,0,Tottenham,https://cdn.ssref.net/req/202505011/tlogo/fb/361ca568.png,FW,ST,0.1,171767,138478333,1.401565397,2.667622804,1,1,0.1,,,,,,,,,,0,,,,,,,0,0,1,0,0,,,,,,,,,11,5,137,53
Mikey Moore,0,Tottenham,https://cdn.ssref.net/req/202505011/tlogo/fb/361ca569.png,FW,LW,0.431,343533,138478333,8.884116148,20.09373669,1,2,2.1,,,,,,,,,,3,,,,,,,1,0,30,0.2,-0.2,,,,,,,,,9,3,117,37
Son Heung-min,https://fbref.com/req/202302030/images/headshots/92e7e919_2022.jpg,Tottenham,https://cdn.ssref.net/req/202505011/tlogo/fb/361ca570.png,FW,LW,1.122,12065972,138478333,24.50478856,55.42394546,1,2,22.3,,,,,,,,,,45,,,,,,,9,7,259,7,0,,,,,,,,,1,1,36,12
Timo Werner,https://fbref.com/req/202302030/images/headshots/49fe9070_2022.jpg,Tottenham,https://cdn.ssref.net/req/202505011/tlogo/fb/361ca571.png,FW,LW,0.655,10478344,138478333,13.94783629,31.5466553,1,2,5.7,,,,,,,,,,24,,,,,,,3,0,89,1,-1,,,,,,,,,7,2,84,28
Wilson Odobert,https://fbref.com/req/202302030/images/headshots/35516eac_2022.jpg,Tottenham,https://cdn.ssref.net/req/202505011/tlogo/fb/361ca572.png,FW,LW,0.291,1587628,138478333,5.719291057,12.93566255,1,2,5,,,,,,,,,,17,,,,,,,0,0,40,0.7,-0.7,,,,,,,,,10,4,129,44
Brennan Johnson,https://fbref.com/req/202302030/images/headshots/0cd31129_2022.jpg,Tottenham,https://cdn.ssref.net/req/202505011/tlogo/fb/361ca573.png,FW,RW,0.894,4445358,138478333,19.35064484,59.61694719,1,3,21.9,,,,,,,,,,20,,,,,,,3,11,186,9.8,1.2,,,,,,,,,4,2,55,14
Dejan Kulusevski,https://fbref.com/req/202302030/images/headshots/df3cda47_2022.jpg,Tottenham,https://cdn.ssref.net/req/202505011/tlogo/fb/361ca574.png,FW,RW,0.905,6985563,138478333,19.59930967,60.38305281,1,3,24.1,,,,,,,,,,66,,,,,,,4,7,201,4.1,2.9,,,,,,,,,3,1,53,13
Archie Gray,https://fbref.com/req/202302030/images/headshots/f58515f5_2022.jpg,Tottenham,https://cdn.ssref.net/req/202505011/tlogo/fb/361ca575.png,MF,CM,0.192,4762884,138478333,6.382476092,16.66141877,2,1,15,,,,,,,,,,5,,31,2,,5,0.2,,,,,,,,,,,,,,6,4,121,62
Lucas Bergvall,0,Tottenham,https://cdn.ssref.net/req/202505011/tlogo/fb/361ca576.png,MF,CM,0.692,952577,138478333,12.17895871,31.79310479,2,1,12.4,,,,,,,,,,21,,48,11,,21,0.8,,,,,,,,,,,,,,5,3,95,47
Pape Matar Sarr,https://fbref.com/req/202302030/images/headshots/feb5d972_2022.jpg,Tottenham,https://cdn.ssref.net/req/202505011/tlogo/fb/361ca577.png,MF,CM,0.833,4445358,138478333,13.8135668,36.06024025,2,1,16.8,,,,,,,,,,28,,75,14,,38,0.6,,,,,,,,,,,,,,3,1,74,35
Rodrigo Bentancur,https://fbref.com/req/202302030/images/headshots/3b8674e6_2022.jpg,Tottenham,https://cdn.ssref.net/req/202505011/tlogo/fb/361ca578.png,MF,CM,0.814,4762884,138478333,13.59330046,35.48523618,2,1,15.9,,,,,,,,,,22,,89,9,,41,0.9,,,,,,,,,,,,,,4,2,78,38
James Maddison,https://fbref.com/req/202302030/images/headshots/ee38d9c5_2022.jpg,Tottenham,https://cdn.ssref.net/req/202505011/tlogo/fb/361ca579.png,MF,CAM,2.23,10795869,138478333,30.00893922,120,2,2,19.6,,,,,,,,,,39,,160,39,,92,5.8,,,,,,,,,,,,,,2,1,13,4
Yves Bissouma,https://fbref.com/req/202302030/images/headshots/6c203af0_2022.jpg,Tottenham,https://cdn.ssref.net/req/202505011/tlogo/fb/361ca580.png,MF,CDM,7.162,3492781,138478333,32.68910329,120,2,3,13.4,,7,,14,89.4,,,,,,71,71,6,28,,,,,,,,,,,,,,,,1,1,10,5
Cristian Romero,https://fbref.com/req/202302030/images/headshots/a3d94a58_2022.jpg,Tottenham,https://cdn.ssref.net/req/202505011/tlogo/fb/361ca581.png,DF,CB,1.604,10478344,138478333,17.08313833,30.08235873,3,1,15.2,60.6,18,55,21,89.1,,,,,,,,,,,,,,,,,,,,,,,,,3,2,71,33
Kevin Danso,https://fbref.com/req/202302030/images/headshots/6e33125f_2022.jpg,Tottenham,https://cdn.ssref.net/req/202505011/tlogo/fb/361ca582.png,DF,CB,1.963,1717667,138478333,19.48176035,34.30618498,3,1,3.9,53.8,4,22,2,90.9,,,,,,,,,,,,,,,,,,,,,,,,,2,1,55,22
Micky van de Ven,https://fbref.com/req/202302030/images/headshots/8fe2a392_2022.jpg,Tottenham,https://cdn.ssref.net/req/202505011/tlogo/fb/361ca583.png,DF,CB,1.267,3175256,138478333,14.83150707,26.1173742,3,1,10.1,52.9,9,34,9,90.9,,,,,,,,,,,,,,,,,,,,,,,,,6,4,99,54
Radu Drăgușin,https://fbref.com/req/202302030/images/headshots/620922ed_2022.jpg,Tottenham,https://cdn.ssref.net/req/202505011/tlogo/fb/361ca584.png,DF,CB,1.554,5397935,138478333,16.74906841,29.49408209,3,1,13.9,60,22,49,15,85.2,,,,,,,,,,,,,,,,,,,,,,,,,4,3,77,38
Ben Davies,https://fbref.com/req/202302030/images/headshots/44781702_2022.jpg,Tottenham,https://cdn.ssref.net/req/202505011/tlogo/fb/361ca585.png,DF,LB,0.177,5080409,138478333,5.405259781,18.48607734,3,2,10,,,,,,2,7,10,5,,,,,,,,,,,,,,,,,,,,,9,3,177,37
Destiny Udogie,https://fbref.com/req/202302030/images/headshots/7cd520e8_2022.jpg,Tottenham,https://cdn.ssref.net/req/202505011/tlogo/fb/361ca586.png,DF,LB,1.013,4762884,138478333,16.35376829,55.93015648,3,2,19.4,,,,,,19,51,71,38,,,,,,,,,,,,,,,,,,,,,5,1,84,19
Sergio Reguilón,https://fbref.com/req/202302030/images/headshots/3353737a_2022.jpg,Tottenham,https://cdn.ssref.net/req/202505011/tlogo/fb/361ca587.png,DF,LB,0.782,3365771,138478333,13.32852252,45.58376619,3,2,1.4,,,,,,10,4,4,2,,,,,,,,,,,,,,,,,,,,,8,2,119,22
Djed Spence,https://fbref.com/req/202302030/images/headshots/9bc9a519_2022.jpg,Tottenham,https://cdn.ssref.net/req/202505011/tlogo/fb/361ca588.png,DF,RB,0.869,3175256,138478333,14.4679008,44.35985592,3,3,14.8,,,,,,19,45,38,38,,,,,,,,,,,,,,,,,,,,,7,2,103,27
Pedro Porro,https://fbref.com/req/202302030/images/headshots/27d0a506_2022.jpg,Tottenham,https://cdn.ssref.net/req/202505011/tlogo/fb/361ca589.png,DF,RB,1.648,5397935,138478333,24.66992009,75.64014408,3,3,26.4,,,,,,168,58,61,37,,,,,,,,,,,,,,,,,,,,,1,1,30,14
Brandon Austin,https://fbref.com/req/202302030/images/headshots/5e253986_2022.jpg,Tottenham,https://cdn.ssref.net/req/202505011/tlogo/fb/361ca590.png,GK,GK,6.925,952577,138478333,39.39959384,199.37599,4,0,1,,,,,,,,,,,,,,,,,,,,,,,,,0,38.5,0.2,3,50,1,1,4,4
Fraser Forster,https://fbref.com/req/202302030/images/headshots/c3e39f12_2022.jpg,Tottenham,https://cdn.ssref.net/req/202505011/tlogo/fb/361ca591.png,GK,GK,1.454,4762884,138478333,9.090288109,46.00009834,4,0,7,,,,,,,,,,,,,,,,,,,,,,,,,1,21.3,1.5,11,69,3,3,39,39
Antonín Kinský,0,Tottenham,https://cdn.ssref.net/req/202505011/tlogo/fb/361ca592.png,GK,GK,2.382,1374134,138478333,14.2314023,72.01596883,4,0,4,,,,,,,,,,,,,,,,,,,,,,,,,1,23.8,-0.5,12,56.3,2,2,21,21
Guglielmo Vicario,https://fbref.com/req/202302030/images/headshots/77d6fd4d_2022.jpg,Tottenham,https://cdn.ssref.net/req/202505011/tlogo/fb/361ca593.png,GK,GK,1.333,4762884,138478333,8.419948867,42.60794281,4,0,20,,,,,,,,,,,,,,,,,,,,,,,,,4,8.2,4.7,18,69.9,4,4,41,41
Luis Guilherme,0,West Ham,https://cdn.ssref.net/req/202505011/tlogo/fb/7c21e445.png,FW,CAM,0.837,1587628,119206107,13.85993866,27.72475468,1,0,1.5,,,,,,,,,,3,,,,,,,,,,,,,,,,,,,,6,3,85,23
Danny Ings,https://fbref.com/req/202302030/images/headshots/07802f7f_2022.jpg,West Ham,https://cdn.ssref.net/req/202505011/tlogo/fb/7c21e446.png,FW,ST,1.473,7938139,119206107,32.43945718,47.74050457,1,1,3.2,,,,,,,,,,0,,,,,,,2,1,29,2.3,-1.3,,,,,,,,,2,1,16,8
Evan Ferguson,https://fbref.com/req/202302030/images/headshots/4596da74_2022.jpg,West Ham,https://cdn.ssref.net/req/202505011/tlogo/fb/7c21e447.png,FW,ST,0.461,2061201,119206107,9.562292953,14.07263654,1,1,2.15,,,,,,,,,,1,,,,,,,0,0.5,7.5,0.55,-0.05,,,,,,,,,7,4,112,44
Michail Antonio,https://fbref.com/req/202302030/images/headshots/ac05f970_2022.jpg,West Ham,https://cdn.ssref.net/req/202505011/tlogo/fb/7c21e448.png,FW,ST,0.781,5397935,119206107,16.79617888,24.71860272,1,1,9.3,,,,,,,,,,13,,,,,,,1,1,59,2.2,-1.2,,,,,,,,,5,3,71,26
Niclas Füllkrug,https://fbref.com/req/202302030/images/headshots/4f16405e_2022.jpg,West Ham,https://cdn.ssref.net/req/202505011/tlogo/fb/7c21e449.png,FW,ST,1.044,5715460,119206107,22.74152887,33.46825617,1,1,6,,,,,,,,,,3,,,,,,,2,3,21,1.9,1.1,,,,,,,,,3,2,41,15
Crysencio Summerville,https://fbref.com/req/202302030/images/headshots/df04eb4b_2022.jpg,West Ham,https://cdn.ssref.net/req/202505011/tlogo/fb/7c21e450.png,FW,LW,0.846,1905153,119206107,18.26556195,120,1,2,8.7,,,,,,,,,,15,,,,,,,1,1,71,1.6,-0.6,,,,,,,,,4,1,63,22
Jarrod Bowen,https://fbref.com/req/202302030/images/headshots/79c84d1c_2022.jpg,West Ham,https://cdn.ssref.net/req/202505011/tlogo/fb/7c21e451.png,FW,RW,2.371,9525767,119206107,52.73954955,120,1,3,28.2,,,,,,,,,,41,,,,,,,5,9,176,7.4,1.6,,,,,,,,,1,1,2,1
Andy Irving,https://fbref.com/req/202302030/images/headshots/b1be9fc0_2022.jpg,West Ham,https://cdn.ssref.net/req/202505011/tlogo/fb/7c21e452.png,MF,CM,0.461,317526,119206107,9.500983738,31.96526603,2,1,1.8,,,,,,,,,,1,,9,1,,5,0.1,,,,,,,,,,,,,,5,3,110,58
Carlos Soler,https://fbref.com/req/202302030/images/headshots/fed17f5a_2022.jpg,West Ham,https://cdn.ssref.net/req/202505011/tlogo/fb/7c21e453.png,MF,CM,0.813,5080409,119206107,13.5817075,45.69452019,2,1,15,,,,,,,,,,16,,52,14,,46,1.3,,,,,,,,,,,,,,3,1,79,39
James Ward-Prowse,https://fbref.com/req/202302030/images/headshots/3515d404_2022.jpg,West Ham,https://cdn.ssref.net/req/202505011/tlogo/fb/7c21e454.png,MF,CM,0.727,7901269,119206107,12.58471249,42.34021378,2,1,6.4,,,,,,,,,,7.5,,29.5,8,,16,0.85,,,,,,,,,,,,,,4,2,92,45
Lucas Paquetá,https://fbref.com/req/202302030/images/headshots/9b6f7fd5_2022.jpg,West Ham,https://cdn.ssref.net/req/202505011/tlogo/fb/7c21e455.png,MF,CAM,1.665,9525767,119206107,23.45891387,46.926083,2,2,24.1,,,,,,,,,,30,,129,34,,75,3.2,,,,,,,,,,,,,,1,1,37,14
Mohammed Kudus,https://fbref.com/req/202302030/images/headshots/b62878a5_2022.jpg,West Ham,https://cdn.ssref.net/req/202505011/tlogo/fb/7c21e456.png,MF,CAM,1.597,5715460,119206107,22.67059224,45.34916232,2,2,24.9,,,,,,,,,,55,,71,27,,94,2.4,,,,,,,,,,,,,,2,2,39,15
Edson Álvarez,https://fbref.com/req/202302030/images/headshots/8b3ab7ad_2022.jpg,West Ham,https://cdn.ssref.net/req/202505011/tlogo/fb/7c21e457.png,MF,CDM,2.5,6350511,119206107,8.30736876,46.70370729,2,3,18.1,,21,,16,85.7,,,,,,78,75,11,23,,,,,,,,,,,,,,,,6,1,114,31
Guido Rodríguez,https://fbref.com/req/202302030/images/headshots/34e393f2_2022.jpg,West Ham,https://cdn.ssref.net/req/202505011/tlogo/fb/7c21e458.png,MF,CDM,1.94,4762884,119206107,5.378631879,30.23846132,2,3,11.3,,21,,12,84.1,,,,,,46,31,3,16,,,,,,,,,,,,,,,,8,3,125,37
Tomáš Souček,https://fbref.com/req/202302030/images/headshots/6613c819_2022.jpg,West Ham,https://cdn.ssref.net/req/202505011/tlogo/fb/7c21e459.png,MF,CDM,2.376,5715460,119206107,7.658862736,43.05783139,2,3,24,,33,,15,73.4,,,,,,50,66,14,18,,,,,,,,,,,,,,,,7,2,118,33
Jean-Clair Todibo,https://fbref.com/req/202302030/images/headshots/88f130ed_2022.jpg,West Ham,https://cdn.ssref.net/req/202505011/tlogo/fb/7c21e460.png,DF,CB,1.18,1270102,119206107,14.25022541,33.39724038,3,1,15.5,50,21,65,20,87.6,,,,,,,,,,,,,,,,,,,,,,,,,5,3,107,58
Konstantinos Mavropanos,https://fbref.com/req/202302030/images/headshots/00963611_2022.jpg,West Ham,https://cdn.ssref.net/req/202505011/tlogo/fb/7c21e461.png,DF,CB,1.499,3175256,119206107,16.3815915,38.39237157,3,1,20.6,70.5,21,108,38,85.6,,,,,,,,,,,,,,,,,,,,,,,,,4,2,83,43
Max Kilman,https://fbref.com/req/202302030/images/headshots/d0f72bf1_2022.jpg,West Ham,https://cdn.ssref.net/req/202505011/tlogo/fb/7c21e462.png,DF,CB,2.126,6350511,119206107,20.57082829,48.21038805,3,1,32.2,67.3,54,179,36,86.9,,,,,,,,,,,,,,,,,,,,,,,,,2,1,45,16
Aaron Cresswell,https://fbref.com/req/202302030/images/headshots/4f974391_2022.jpg,West Ham,https://cdn.ssref.net/req/202505011/tlogo/fb/7c21e463.png,DF,LB,0.538,3175256,119206107,10.13302482,42.58168519,3,2,6.5,,,,,,27,4,8,7,,,,,,,,,,,,,,,,,,,,,6,2,163,30
Emerson Palmieri,https://fbref.com/req/202302030/images/headshots/e0bc6fdc_2022.jpg,West Ham,https://cdn.ssref.net/req/202505011/tlogo/fb/7c21e464.png,DF,LB,1.171,6032986,119206107,18.42298401,77.41831481,3,2,21.4,,,,,,61,42,55,22,,,,,,,,,,,,,,,,,,,,,3,1,61,16
Aaron Wan-Bissaka,https://fbref.com/req/202302030/images/headshots/9e525177_2022.jpg,West Ham,https://cdn.ssref.net/req/202505011/tlogo/fb/7c21e465.png,DF,RB,1.95,5715460,119206107,28.62500331,90.61707271,3,3,30,,,,,,61,93,61,54,,,,,,,,,,,,,,,,,,,,,1,1,17,5
Vladimír Coufal,https://fbref.com/req/202302030/images/headshots/fdf3cb77_2022.jpg,West Ham,https://cdn.ssref.net/req/202505011/tlogo/fb/7c21e466.png,DF,RB,0.473,2222679,119206107,9.281765186,29.38292729,3,3,9.6,,,,,,19,14,17,5,,,,,,,,,,,,,,,,,,,,,7,2,167,40
Alphonse Areola,https://fbref.com/req/202302030/images/headshots/2f965a72_2022.jpg,West Ham,https://cdn.ssref.net/req/202505011/tlogo/fb/7c21e467.png,GK,GK,2.017,7620614,119206107,12.20930458,182.7362578,4,0,21.1,,,,,,,,,,,,,,,,,,,,,,,,,4,33.6,-3.9,117,62.8,1,1,30,30
Łukasz Fabiański,https://fbref.com/req/202302030/images/headshots/9328b835_2022.jpg,West Ham,https://cdn.ssref.net/req/202505011/tlogo/fb/7c21e468.png,GK,GK,1.951,4127832,119206107,11.843665,177.2637422,4,0,11.9,,,,,,,,,,,,,,,,,,,,,,,,,2,41.5,2.3,69,74.6,2,2,31,31
Jørgen Strand Larsen,https://fbref.com/req/202302030/images/headshots/f553b2b3_2022.jpg,Wolves,https://cdn.ssref.net/req/202505011/tlogo/fb/8cec06e1.png,FW,ST,1.141,952577,70321297,24.93430054,46.98615548,1,1,25.7,,,,,,,,,,12,,,,,,,2,12,96,9.2,2.8,,,,,,,,,2,2,35,14
Matheus Cunha,https://fbref.com/req/202302030/images/headshots/dc62b55d_2022.jpg,Wolves,https://cdn.ssref.net/req/202505011/tlogo/fb/8cec06e2.png,FW,ST,1.752,3810307,70321297,38.74650147,73.01384452,1,1,24,,,,,,,,,,75,,,,,,,4,14,138,7.3,6.7,,,,,,,,,1,1,7,2
Gonçalo Guedes,https://fbref.com/req/202302030/images/headshots/e6bc67d7_2022.jpg,Wolves,https://cdn.ssref.net/req/202505011/tlogo/fb/8cec06e3.png,FW,LW,0.998,5715460,70321297,21.70165777,92.01277955,1,2,8.6,,,,,,,,,,19,,,,,,,4,2,58,2.2,-0.2,,,,,,,,,3,1,45,15
Hwang Hee-chan,https://fbref.com/req/202302030/images/headshots/169fd162_2022.jpg,Wolves,https://cdn.ssref.net/req/202505011/tlogo/fb/8cec06e4.png,FW,LW,0.33,4445358,70321297,6.600920904,27.98722045,1,2,7.2,,,,,,,,,,5,,,,,,,0,2,40,0.8,1.2,,,,,,,,,6,2,122,40
Carlos Forbs,0,Wolves,https://cdn.ssref.net/req/202505011/tlogo/fb/8cec06e5.png,FW,RW,0.327,1270102,70321297,6.533103223,23.35353535,1,3,2.6,,,,,,,,,,3,,,,,,,0,0,28,0.1,-0.1,,,,,,,,,7,3,123,29
Pablo Sarabia,https://fbref.com/req/202302030/images/headshots/9744ff80_2022.jpg,Wolves,https://cdn.ssref.net/req/202505011/tlogo/fb/8cec06e6.png,FW,RW,0.821,5715460,70321297,17.70041462,63.27272727,1,3,7.3,,,,,,,,,,13,,,,,,,2,2,49,2.7,-0.7,,,,,,,,,4,1,65,16
Rodrigo Gomes,0,Wolves,https://cdn.ssref.net/req/202505011/tlogo/fb/8cec06e7.png,FW,RW,0.451,1587628,70321297,9.336234018,33.37373737,1,3,6.8,,,,,,,,,,15,,,,,,,0,1,60,0.4,0.6,,,,,,,,,5,2,114,27
André,https://fbref.com/req/202302030/images/headshots/ec604e2c_2022.jpg,Wolves,https://cdn.ssref.net/req/202505011/tlogo/fb/8cec06e8.png,MF,CM,1.464,2222679,70321297,21.12872786,33.75274128,2,1,22.2,,,,,,,,,,14,,86,12,,41,0.5,,,,,,,,,,,,,,2,2,43,14
Jean-Ricner Bellegarde,https://fbref.com/req/202302030/images/headshots/10f0fdd3_2022.jpg,Wolves,https://cdn.ssref.net/req/202505011/tlogo/fb/8cec06e9.png,MF,CM,2.566,2222679,70321297,33.90417554,54.16127619,2,1,16.4,,,,,,,,,,34,,35,26,,53,2.5,,,,,,,,,,,,,,1,1,8,2
Tommy Doyle,https://fbref.com/req/202302030/images/headshots/5526deb1_2022.jpg,Wolves,https://cdn.ssref.net/req/202505011/tlogo/fb/8cec06e10.png,MF,CM,1.374,635051,70321297,20.08536099,32.08598253,2,1,5.4,,,,,,,,,,3,,40,7,,17,0.3,,,,,,,,,,,,,,3,3,48,18
João Gomes,https://fbref.com/req/202302030/images/headshots/8b57ad2c_2022.jpg,Wolves,https://cdn.ssref.net/req/202505011/tlogo/fb/8cec06e11.png,MF,CDM,3.784,1905153,70321297,15.02254404,76.93483059,2,3,27.9,,37,,25,85.2,,,,,,163,141,20,55,,,,,,,,,,,,,,,,4,1,68,21
Mario Lemina,https://fbref.com/req/202302030/images/headshots/2b471f99_2022.jpg,Wolves,https://cdn.ssref.net/req/202505011/tlogo/fb/8cec06e12.png,MF,CDM,2.131,2857730,70321297,6.377540351,32.66124468,2,3,15.2,,12,,27,80.4,,,,,,73,48,10,31,,,,,,,,,,,,,,,,5,2,122,36
Marshall Munetsi,https://fbref.com/req/202302030/images/headshots/2acf0cd7_2022.jpg,Wolves,https://cdn.ssref.net/req/202505011/tlogo/fb/8cec06e13.png,MF,CDM,1.3,3435334,70321297,2.031504016,10.40392472,2,3,6.8,,7,,4,72.3,,,,,,20,6,4,8,,,,,,,,,,,,,,,,6,3,127,39
Craig Dawson,https://fbref.com/req/202302030/images/headshots/3e9e06cb_2022.jpg,Wolves,https://cdn.ssref.net/req/202505011/tlogo/fb/8cec06e14.png,DF,CB,0.931,2857730,70321297,12.58655721,11.64020074,3,1,10.8,65.6,16,52,9,86.6,,,,,,,,,,,,,,,,,,,,,,,,,9,6,136,78
Emmanuel Agbadou,https://fbref.com/req/202302030/images/headshots/75f1ed80_2022.jpg,Wolves,https://cdn.ssref.net/req/202505011/tlogo/fb/8cec06e15.png,DF,CB,0.965,3091801,70321297,12.81372476,11.85028804,3,1,9.7,58.1,13,62,9,83.2,,,,,,,,,,,,,,,,,,,,,,,,,8,5,132,76
Nasser Djiga,https://fbref.com/req/202302030/images/headshots/1a7a4d84_2022.jpg,Wolves,https://cdn.ssref.net/req/202505011/tlogo/fb/8cec06e16.png,DF,CB,18.452,1030600,70321297,61.07729535,56.48502339,3,1,0.2,50,0,3,2,100,,,,,,,,,,,,,,,,,,,,,,,,,1,1,5,4
Santiago Bueno,https://fbref.com/req/202302030/images/headshots/edc98fac_2022.jpg,Wolves,https://cdn.ssref.net/req/202505011/tlogo/fb/8cec06e17.png,DF,CB,0.981,1905153,70321297,12.92062713,11.94915265,3,1,17.6,52.3,32,61,14,88,,,,,,,,,,,,,,,,,,,,,,,,,7,4,129,73
Toti Gomes,https://fbref.com/req/202302030/images/headshots/f0caab96_2022.jpg,Wolves,https://cdn.ssref.net/req/202505011/tlogo/fb/8cec06e18.png,DF,CB,1.204,1587628,70321297,14.41057897,13.32707818,3,1,23,69.5,24,123,21,84.6,,,,,,,,,,,,,,,,,,,,,,,,,6,3,105,57
Yerson Mosquera,https://fbref.com/req/202302030/images/headshots/1e159d70_2022.jpg,Wolves,https://cdn.ssref.net/req/202505011/tlogo/fb/8cec06e19.png,DF,CB,1.434,508041,70321297,15.9473006,14.74825698,3,1,4.9,64.7,13,14,10,85.4,,,,,,,,,,,,,,,,,,,,,,,,,5,2,89,47
Rayan Aït-Nouri,https://fbref.com/req/202302030/images/headshots/9b398aea_2022.jpg,Wolves,https://cdn.ssref.net/req/202505011/tlogo/fb/8cec06e20.png,DF,LB,1.772,635051,70321297,26.29386154,120,3,2,29.1,,,,,,72,69,79,51,,,,,,,,,,,,,,,,,,,,,2,1,26,8
Matt Doherty,https://fbref.com/req/202302030/images/headshots/d557d734_2022.jpg,Wolves,https://cdn.ssref.net/req/202505011/tlogo/fb/8cec06e21.png,DF,RB,0.629,3175256,70321297,11.3247883,27.39964631,3,3,20.1,,,,,,18,29,35,19,,,,,,,,,,,,,,,,,,,,,10,3,154,37
Nélson Semedo,https://fbref.com/req/202302030/images/headshots/d04b94db_2022.jpg,Wolves,https://cdn.ssref.net/req/202505011/tlogo/fb/8cec06e22.png,DF,RB,1.287,5080409,70321297,19.94215505,48.24884848,3,3,26.8,,,,,,53,60,54,35,,,,,,,,,,,,,,,,,,,,,3,1,50,18
Pedro Lima,https://fbref.com/req/202302030/images/headshots/b2f4cad5_2022.jpg,Wolves,https://cdn.ssref.net/req/202505011/tlogo/fb/8cec06e23.png,DF,RB,1.164,952577,70321297,18.3313099,44.35150522,3,3,0.8,,,,,,5,4,1,3,,,,,,,,,,,,,,,,,,,,,4,2,64,22
Sam Johnstone,https://fbref.com/req/202302030/images/headshots/9e5708be_2022.jpg,Wolves,https://cdn.ssref.net/req/202505011/tlogo/fb/8cec06e24.png,GK,GK,2.223,2540205,70321297,13.35054329,174.0417632,4,0,7,,,,,,,,,,,,,,,,,,,,,,,,,0,45.6,-3,52,61.5,2,2,25,25
José Sá,https://fbref.com/req/202302030/images/headshots/903b6e8b_2022.jpg,Wolves,https://cdn.ssref.net/req/202505011/tlogo/fb/8cec06e25.png,GK,GK,2.388,2540205,70321297,14.26464226,185.9582368,4,0,25,,,,,,,,,,,,,,,,,,,,,,,,,6,40.8,-3.9,80,61.5,1,1,20,20
